{
	"credit": "Made with Blockbench",
	"texture_size": [64, 64],
	"textures": {
		"1": "decorations:outdoor/cart",
		"2": "decorations:outdoor/wagon"
	},
	"elements": [
		{
			"from": [-1, 0, 0],
			"to": [12, 8, 2],
			"rotation": {"angle": 0, "axis": "y", "origin": [13, 8, 8]},
			"faces": {
				"north": {"uv": [3.5, 4.75, 6.75, 6.75], "texture": "#1"},
				"east": {"uv": [6.625, 4.75, 7.125, 6.75], "texture": "#1"},
				"south": {"uv": [3.5, 4.75, 6.75, 6.75], "texture": "#1"},
				"west": {"uv": [3.5, 4.75, 4, 6.75], "texture": "#1"},
				"up": {"uv": [6.75, 5.25, 3.5, 4.75], "texture": "#1"},
				"down": {"uv": [6.75, 6.25, 3.5, 6.75], "texture": "#1"}
			}
		},
		{
			"from": [14, 0, 0],
			"to": [27, 8, 2],
			"rotation": {"angle": 0, "axis": "y", "origin": [13, 8, 8]},
			"faces": {
				"north": {"uv": [3.5, 4.75, 6.75, 6.75], "texture": "#1"},
				"east": {"uv": [6.625, 4.75, 7.125, 6.75], "texture": "#1"},
				"south": {"uv": [3.5, 4.75, 6.75, 6.75], "texture": "#1"},
				"west": {"uv": [3.5, 4.75, 4, 6.75], "texture": "#1"},
				"up": {"uv": [6.75, 5.25, 3.5, 4.75], "texture": "#1"},
				"down": {"uv": [6.75, 6.25, 3.5, 6.75], "texture": "#1"}
			}
		},
		{
			"from": [-3, 0, 2],
			"to": [-1, 8, 14],
			"rotation": {"angle": 0, "axis": "y", "origin": [13, 8, 8]},
			"faces": {
				"north": {"uv": [3.5, 4.75, 4, 6.75], "texture": "#1"},
				"east": {"uv": [3.5, 4.75, 6.5, 6.75], "texture": "#1"},
				"south": {"uv": [3.5, 4.75, 4, 6.75], "texture": "#1"},
				"west": {"uv": [3.5, 4.75, 6.5, 6.75], "texture": "#1"},
				"up": {"uv": [6.5, 5.25, 3.5, 4.75], "rotation": 90, "texture": "#1"},
				"down": {"uv": [3.5, 6.75, 6.5, 6.25], "rotation": 90, "texture": "#1"}
			}
		},
		{
			"from": [-1, 0, 2],
			"to": [29, 2, 14],
			"rotation": {"angle": 0, "axis": "y", "origin": [13, 8, 8]},
			"faces": {
				"north": {"uv": [0.5, 7.5, 0, 0], "rotation": 90, "texture": "#1"},
				"east": {"uv": [0, 7, 3, 7.5], "texture": "#1"},
				"south": {"uv": [0.5, 7.5, 0, 0], "rotation": 90, "texture": "#1"},
				"west": {"uv": [3, 7.5, 0, 7], "texture": "#1"},
				"up": {"uv": [3, 7.5, 0, 0], "rotation": 90, "texture": "#1"},
				"down": {"uv": [0, 7.5, 3, 0], "rotation": 90, "texture": "#1"}
			}
		},
		{
			"from": [12, 0, 0],
			"to": [14, 13, 2],
			"rotation": {"angle": 0, "axis": "y", "origin": [13, 8, 8]},
			"faces": {
				"north": {"uv": [3, 0, 3.5, 3.25], "texture": "#1"},
				"east": {"uv": [3, 0, 3.5, 3.25], "texture": "#1"},
				"south": {"uv": [3, 0, 3.5, 3.25], "texture": "#1"},
				"west": {"uv": [3, 0, 3.5, 3.25], "texture": "#1"},
				"up": {"uv": [4, 4.375, 3.5, 3.875], "texture": "#1"},
				"down": {"uv": [4, 4.375, 3.5, 3.875], "texture": "#1"}
			}
		},
		{
			"from": [-3, -3, 0],
			"to": [-1, 13, 2],
			"rotation": {"angle": 0, "axis": "y", "origin": [13, 8, 8]},
			"faces": {
				"north": {"uv": [3, 0, 3.5, 4], "texture": "#1"},
				"east": {"uv": [3, 0, 3.5, 4], "texture": "#1"},
				"south": {"uv": [3, 0, 3.5, 4], "texture": "#1"},
				"west": {"uv": [3, 0, 3.5, 4], "texture": "#1"},
				"up": {"uv": [4, 4.375, 3.5, 3.875], "texture": "#1"},
				"down": {"uv": [4, 4.375, 3.5, 3.875], "texture": "#1"}
			}
		},
		{
			"from": [27, -3, 0],
			"to": [29, 13, 2],
			"rotation": {"angle": 0, "axis": "y", "origin": [13, 8, 8]},
			"faces": {
				"north": {"uv": [3, 0, 3.5, 4], "texture": "#1"},
				"east": {"uv": [3, 0, 3.5, 4], "texture": "#1"},
				"south": {"uv": [3, 0, 3.5, 4], "texture": "#1"},
				"west": {"uv": [3, 0, 3.5, 4], "texture": "#1"},
				"up": {"uv": [4, 4.375, 3.5, 3.875], "texture": "#1"},
				"down": {"uv": [4, 4.375, 3.5, 3.875], "texture": "#1"}
			}
		},
		{
			"from": [-1, 10, 1],
			"to": [12, 11.5, 1],
			"rotation": {"angle": 0, "axis": "y", "origin": [13, 8, 8]},
			"faces": {
				"north": {"uv": [3.625, 5.75, 6.875, 6.125], "texture": "#1"},
				"south": {"uv": [3.625, 5.75, 6.875, 6.125], "texture": "#1"}
			}
		},
		{
			"from": [27, -3, 14],
			"to": [29, 13, 16],
			"rotation": {"angle": 0, "axis": "y", "origin": [13, 8, 8]},
			"faces": {
				"north": {"uv": [3, 0, 3.5, 4], "texture": "#1"},
				"east": {"uv": [3, 0, 3.5, 4], "texture": "#1"},
				"south": {"uv": [3, 0, 3.5, 4], "texture": "#1"},
				"west": {"uv": [3, 0, 3.5, 4], "texture": "#1"},
				"up": {"uv": [4, 4.375, 3.5, 3.875], "texture": "#1"},
				"down": {"uv": [4, 4.375, 3.5, 3.875], "texture": "#1"}
			}
		},
		{
			"from": [14, 0, 14],
			"to": [27, 8, 16],
			"rotation": {"angle": 0, "axis": "y", "origin": [13, 8, 8]},
			"faces": {
				"north": {"uv": [3.5, 4.75, 6.75, 6.75], "texture": "#1"},
				"east": {"uv": [6.625, 4.75, 7.125, 6.75], "texture": "#1"},
				"south": {"uv": [3.5, 4.75, 6.75, 6.75], "texture": "#1"},
				"west": {"uv": [3.5, 4.75, 4, 6.75], "texture": "#1"},
				"up": {"uv": [6.75, 5.25, 3.5, 4.75], "texture": "#1"},
				"down": {"uv": [6.75, 6.25, 3.5, 6.75], "texture": "#1"}
			}
		},
		{
			"from": [12, 0, 14],
			"to": [14, 13, 16],
			"rotation": {"angle": 0, "axis": "y", "origin": [13, 8, 8]},
			"faces": {
				"north": {"uv": [3, 0, 3.5, 3.25], "texture": "#1"},
				"east": {"uv": [3, 0, 3.5, 3.25], "texture": "#1"},
				"south": {"uv": [3, 0, 3.5, 3.25], "texture": "#1"},
				"west": {"uv": [3, 0, 3.5, 3.25], "texture": "#1"},
				"up": {"uv": [4, 4.375, 3.5, 3.875], "texture": "#1"},
				"down": {"uv": [4, 4.375, 3.5, 3.875], "texture": "#1"}
			}
		},
		{
			"from": [-1, 0, 14],
			"to": [12, 8, 16],
			"rotation": {"angle": 0, "axis": "y", "origin": [13, 8, 8]},
			"faces": {
				"north": {"uv": [3.5, 4.75, 6.75, 6.75], "texture": "#1"},
				"east": {"uv": [6.625, 4.75, 7.125, 6.75], "texture": "#1"},
				"south": {"uv": [3.5, 4.75, 6.75, 6.75], "texture": "#1"},
				"west": {"uv": [3.5, 4.75, 4, 6.75], "texture": "#1"},
				"up": {"uv": [6.75, 5.25, 3.5, 4.75], "texture": "#1"},
				"down": {"uv": [6.75, 6.25, 3.5, 6.75], "texture": "#1"}
			}
		},
		{
			"from": [-3, -3, 14],
			"to": [-1, 13, 16],
			"rotation": {"angle": 0, "axis": "y", "origin": [13, 8, 8]},
			"faces": {
				"north": {"uv": [3, 0, 3.5, 4], "texture": "#1"},
				"east": {"uv": [3, 0, 3.5, 4], "texture": "#1"},
				"south": {"uv": [3, 0, 3.5, 4], "texture": "#1"},
				"west": {"uv": [3, 0, 3.5, 4], "texture": "#1"},
				"up": {"uv": [4, 4.375, 3.5, 3.875], "texture": "#1"},
				"down": {"uv": [4, 4.375, 3.5, 3.875], "texture": "#1"}
			}
		},
		{
			"from": [-1, 10, 15],
			"to": [12, 11.5, 15],
			"rotation": {"angle": 0, "axis": "y", "origin": [13, 8, 8]},
			"faces": {
				"north": {"uv": [3.625, 5.75, 6.875, 6.125], "texture": "#1"},
				"south": {"uv": [3.625, 5.75, 6.875, 6.125], "texture": "#1"}
			}
		},
		{
			"from": [-1, -3, 15],
			"to": [27, -1.5, 15],
			"rotation": {"angle": 0, "axis": "y", "origin": [13, 8, 8]},
			"faces": {
				"north": {"uv": [3.5, 6.375, 6.75, 6.75], "texture": "#1"},
				"south": {"uv": [3.5, 6.75, 6.75, 6.375], "texture": "#1"}
			}
		},
		{
			"from": [-1, -3, 1],
			"to": [27, -1.5, 1],
			"rotation": {"angle": 0, "axis": "y", "origin": [13, 8, 8]},
			"faces": {
				"north": {"uv": [3.5, 6.75, 6.75, 6.375], "texture": "#1"},
				"south": {"uv": [3.5, 6.375, 6.75, 6.75], "texture": "#1"}
			}
		},
		{
			"from": [24, -3, 12.3],
			"to": [27, 0, 15.3],
			"rotation": {"angle": 0, "axis": "y", "origin": [0, -8, 2]},
			"faces": {
				"north": {"uv": [4.875, 7.75, 5.625, 8.5], "texture": "#1"},
				"east": {"uv": [6.375, 0, 7.125, 0.75], "texture": "#1"},
				"south": {"uv": [4.875, 7.75, 5.625, 8.5], "texture": "#1"},
				"west": {"uv": [7.125, 0, 6.375, 0.75], "texture": "#1"},
				"up": {"uv": [7.125, 0.75, 6.375, 0], "rotation": 90, "texture": "#1"},
				"down": {"uv": [6.375, 0.75, 7.125, 0], "rotation": 90, "texture": "#1"}
			}
		},
		{
			"from": [14, 10, 1],
			"to": [27, 11.5, 1],
			"rotation": {"angle": 0, "axis": "y", "origin": [13, 8, 8]},
			"faces": {
				"north": {"uv": [3.625, 5.75, 6.875, 6.125], "texture": "#1"},
				"south": {"uv": [3.625, 5.75, 6.875, 6.125], "texture": "#1"}
			}
		},
		{
			"from": [14, 10, 15],
			"to": [27, 11.5, 15],
			"rotation": {"angle": 0, "axis": "y", "origin": [13, 8, 8]},
			"faces": {
				"north": {"uv": [3.625, 5.75, 6.875, 6.125], "texture": "#1"},
				"south": {"uv": [3.625, 5.75, 6.875, 6.125], "texture": "#1"}
			}
		},
		{
			"from": [-2, -2.5, 1.5],
			"to": [-2, -1, 14.5],
			"rotation": {"angle": 0, "axis": "y", "origin": [13, 8, 8]},
			"faces": {
				"east": {"uv": [3.5, 6.375, 6.75, 6.75], "texture": "#1"},
				"west": {"uv": [3.5, 6.75, 6.75, 6.375], "texture": "#1"}
			}
		},
		{
			"from": [28, -2.5, 1.5],
			"to": [28, -1, 14.5],
			"rotation": {"angle": 0, "axis": "y", "origin": [13, 8, 8]},
			"faces": {
				"east": {"uv": [3.5, 6.75, 6.75, 6.375], "texture": "#1"},
				"west": {"uv": [3.625, 5.75, 6.875, 6.125], "texture": "#1"}
			}
		},
		{
			"from": [-9, 2.7, 4],
			"to": [-8, 4.2, 12],
			"rotation": {"angle": 0, "axis": "y", "origin": [13, 8, 8]},
			"faces": {
				"east": {"uv": [4.875, 6.375, 7, 6.75], "texture": "#1"},
				"west": {"uv": [4.875, 6.375, 7, 6.75], "texture": "#1"},
				"up": {"uv": [2.875, 2.25, 3.25, 3.875], "texture": "#1"},
				"down": {"uv": [2.875, 2.25, 3.25, 3.875], "texture": "#1"}
			}
		},
		{
			"from": [-16, 2.5, 3.5],
			"to": [-2, 4.5, 4.5],
			"rotation": {"angle": 0, "axis": "y", "origin": [13, 8, 8]},
			"faces": {
				"north": {"uv": [3.625, 0, 7.125, 0.5], "texture": "#1"},
				"east": {"uv": [3.5, 3.875, 3.75, 4.375], "texture": "#1"},
				"south": {"uv": [7.125, 0, 3.625, 0.5], "texture": "#1"},
				"west": {"uv": [3.5, 3.875, 3.75, 4.375], "texture": "#1"},
				"up": {"uv": [3.375, 3.5, 3.125, 0], "rotation": 90, "texture": "#1"},
				"down": {"uv": [3.375, 3.5, 3.125, 0], "rotation": 90, "texture": "#1"}
			}
		},
		{
			"from": [-16, 2.5, 11.5],
			"to": [-2, 4.5, 12.5],
			"rotation": {"angle": 0, "axis": "y", "origin": [13, 8, 8]},
			"faces": {
				"north": {"uv": [3.625, 0, 7.125, 0.5], "texture": "#1"},
				"east": {"uv": [3.5, 3.875, 3.75, 4.375], "texture": "#1"},
				"south": {"uv": [7.125, 0, 3.625, 0.5], "texture": "#1"},
				"west": {"uv": [3.5, 3.875, 3.75, 4.375], "texture": "#1"},
				"up": {"uv": [3.375, 3.5, 3.125, 0], "rotation": 90, "texture": "#1"},
				"down": {"uv": [3.375, 3.5, 3.125, 0], "rotation": 90, "texture": "#1"}
			}
		},
		{
			"from": [24, -3, 12.3],
			"to": [27, 0, 15.3],
			"rotation": {"angle": 0, "axis": "y", "origin": [0, -8, 2]},
			"faces": {
				"north": {"uv": [4.875, 7.75, 5.625, 8.5], "texture": "#1"},
				"east": {"uv": [6.375, 0, 7.125, 0.75], "texture": "#1"},
				"south": {"uv": [4.875, 7.75, 5.625, 8.5], "texture": "#1"},
				"west": {"uv": [7.125, 0, 6.375, 0.75], "texture": "#1"},
				"up": {"uv": [7.125, 0.75, 6.375, 0], "rotation": 90, "texture": "#1"},
				"down": {"uv": [6.375, 0.75, 7.125, 0], "rotation": 90, "texture": "#1"}
			}
		},
		{
			"from": [25, -2, 15.3],
			"to": [26, -1, 17.55],
			"rotation": {"angle": 0, "axis": "y", "origin": [0, -8, 2]},
			"faces": {
				"north": {"uv": [5.875, 6, 5.75, 5.875], "texture": "#2"},
				"east": {"uv": [5.75, 6, 6.125, 5.875], "texture": "#2"},
				"south": {"uv": [5.875, 6, 5.75, 5.875], "texture": "#2"},
				"west": {"uv": [6.125, 6, 5.75, 5.875], "texture": "#2"},
				"up": {"uv": [6.125, 6, 5.75, 5.875], "rotation": 90, "texture": "#2"},
				"down": {"uv": [5.75, 6, 6.125, 5.875], "rotation": 90, "texture": "#2"}
			}
		},
		{
			"from": [21, -6, 16.4],
			"to": [30, 3, 17.4],
			"rotation": {"angle": 0, "axis": "y", "origin": [0, -8, 2]},
			"faces": {
				"north": {"uv": [0, 9.875, 1.125, 11], "texture": "#2"},
				"east": {"uv": [1.125, 9.875, 1.25, 11], "texture": "#2"},
				"south": {"uv": [0, 9.875, 1.125, 11], "texture": "#2"},
				"west": {"uv": [1.125, 9.875, 1.25, 11], "texture": "#2"},
				"up": {"uv": [1.25, 11, 1.125, 9.875], "rotation": 90, "texture": "#2"},
				"down": {"uv": [1.25, 11, 1.125, 9.875], "rotation": 90, "texture": "#2"}
			}
		},
		{
			"name": "cube inverted",
			"from": [30, 3, 17.4],
			"to": [21, -6, 16.4],
			"rotation": {"angle": 0, "axis": "y", "origin": [0, -8, 2]},
			"faces": {
				"north": {"uv": [0, 11, 1.125, 9.875], "texture": "#2"},
				"east": {"uv": [3, 16, 3.25, 13.75], "texture": "#2"},
				"south": {"uv": [0, 11, 1.125, 9.875], "texture": "#2"},
				"west": {"uv": [1.25, 13.375, 1.5, 11.125], "texture": "#2"},
				"up": {"uv": [6, 13.125, 6.25, 15.375], "rotation": 90, "texture": "#2"},
				"down": {"uv": [6, 14.375, 6.25, 12.125], "rotation": 270, "texture": "#2"}
			}
		},
		{
			"from": [24, -3, 0.6],
			"to": [27, 0, 3.6],
			"rotation": {"angle": 0, "axis": "y", "origin": [0, -8, 14]},
			"faces": {
				"north": {"uv": [5.625, 7.75, 4.875, 8.5], "texture": "#1"},
				"east": {"uv": [7.125, 0, 6.375, 0.75], "texture": "#1"},
				"south": {"uv": [5.625, 7.75, 4.875, 8.5], "texture": "#1"},
				"west": {"uv": [6.375, 0, 7.125, 0.75], "texture": "#1"},
				"up": {"uv": [6.375, 0.75, 7.125, 0], "rotation": 90, "texture": "#1"},
				"down": {"uv": [7.125, 0.75, 6.375, 0], "rotation": 90, "texture": "#1"}
			}
		},
		{
			"from": [25, -2, -1.65],
			"to": [26, -1, 0.6],
			"rotation": {"angle": 0, "axis": "y", "origin": [0, -8, 14]},
			"faces": {
				"north": {"uv": [5.75, 6, 5.875, 5.875], "texture": "#2"},
				"east": {"uv": [6.125, 6, 5.75, 5.875], "texture": "#2"},
				"south": {"uv": [5.75, 6, 5.875, 5.875], "texture": "#2"},
				"west": {"uv": [5.75, 6, 6.125, 5.875], "texture": "#2"},
				"up": {"uv": [5.75, 6, 6.125, 5.875], "rotation": 90, "texture": "#2"},
				"down": {"uv": [6.125, 6, 5.75, 5.875], "rotation": 90, "texture": "#2"}
			}
		},
		{
			"from": [21, -6, -1.5],
			"to": [30, 3, -0.5],
			"rotation": {"angle": 0, "axis": "y", "origin": [0, -8, 14]},
			"faces": {
				"north": {"uv": [1.125, 9.875, 0, 11], "texture": "#2"},
				"east": {"uv": [1.25, 9.875, 1.125, 11], "texture": "#2"},
				"south": {"uv": [1.125, 9.875, 0, 11], "texture": "#2"},
				"west": {"uv": [1.25, 9.875, 1.125, 11], "texture": "#2"},
				"up": {"uv": [1.125, 11, 1.25, 9.875], "rotation": 90, "texture": "#2"},
				"down": {"uv": [1.125, 11, 1.25, 9.875], "rotation": 90, "texture": "#2"}
			}
		},
		{
			"name": "cube inverted",
			"from": [30, 3, -0.5],
			"to": [21, -6, -1.5],
			"rotation": {"angle": 0, "axis": "y", "origin": [0, -8, 14]},
			"faces": {
				"north": {"uv": [1.125, 11, 0, 9.875], "texture": "#2"},
				"east": {"uv": [3.25, 16, 3, 13.75], "texture": "#2"},
				"south": {"uv": [1.125, 11, 0, 9.875], "texture": "#2"},
				"west": {"uv": [1.5, 13.375, 1.25, 11.125], "texture": "#2"},
				"up": {"uv": [6.25, 13.125, 6, 15.375], "rotation": 90, "texture": "#2"},
				"down": {"uv": [6.25, 14.375, 6, 12.125], "rotation": 270, "texture": "#2"}
			}
		},
		{
			"from": [1, -3, 11.9],
			"to": [4, 0, 14.9],
			"rotation": {"angle": 0, "axis": "y", "origin": [0, -8, 2]},
			"faces": {
				"north": {"uv": [4.875, 7.75, 5.625, 8.5], "texture": "#1"},
				"east": {"uv": [6.375, 0, 7.125, 0.75], "texture": "#1"},
				"south": {"uv": [4.875, 7.75, 5.625, 8.5], "texture": "#1"},
				"west": {"uv": [7.125, 0, 6.375, 0.75], "texture": "#1"},
				"up": {"uv": [7.125, 0.75, 6.375, 0], "rotation": 90, "texture": "#1"},
				"down": {"uv": [6.375, 0.75, 7.125, 0], "rotation": 90, "texture": "#1"}
			}
		},
		{
			"from": [2, -2, 14.9],
			"to": [3, -1, 17.15],
			"rotation": {"angle": 0, "axis": "y", "origin": [0, -8, 2]},
			"faces": {
				"north": {"uv": [5.875, 6, 5.75, 5.875], "texture": "#2"},
				"east": {"uv": [5.75, 6, 6.125, 5.875], "texture": "#2"},
				"south": {"uv": [5.875, 6, 5.75, 5.875], "texture": "#2"},
				"west": {"uv": [6.125, 6, 5.75, 5.875], "texture": "#2"},
				"up": {"uv": [6.125, 6, 5.75, 5.875], "rotation": 90, "texture": "#2"},
				"down": {"uv": [5.75, 6, 6.125, 5.875], "rotation": 90, "texture": "#2"}
			}
		},
		{
			"from": [-2, -6, 16],
			"to": [7, 3, 17],
			"rotation": {"angle": 0, "axis": "y", "origin": [0, -8, 2]},
			"faces": {
				"north": {"uv": [0, 9.875, 1.125, 11], "texture": "#2"},
				"east": {"uv": [1.125, 9.875, 1.25, 11], "texture": "#2"},
				"south": {"uv": [0, 9.875, 1.125, 11], "texture": "#2"},
				"west": {"uv": [1.125, 9.875, 1.25, 11], "texture": "#2"},
				"up": {"uv": [1.25, 11, 1.125, 9.875], "rotation": 90, "texture": "#2"},
				"down": {"uv": [1.25, 11, 1.125, 9.875], "rotation": 90, "texture": "#2"}
			}
		},
		{
			"name": "cube inverted",
			"from": [7, 3, 17],
			"to": [-2, -6, 16],
			"rotation": {"angle": 0, "axis": "y", "origin": [0, -8, 2]},
			"faces": {
				"north": {"uv": [0, 11, 1.125, 9.875], "texture": "#2"},
				"east": {"uv": [3, 16, 3.25, 13.75], "texture": "#2"},
				"south": {"uv": [0, 11, 1.125, 9.875], "texture": "#2"},
				"west": {"uv": [1.25, 13.375, 1.5, 11.125], "texture": "#2"},
				"up": {"uv": [6, 13.125, 6.25, 15.375], "rotation": 90, "texture": "#2"},
				"down": {"uv": [6, 14.375, 6.25, 12.125], "rotation": 270, "texture": "#2"}
			}
		},
		{
			"from": [1, -3, 0.6],
			"to": [4, 0, 3.6],
			"rotation": {"angle": 0, "axis": "y", "origin": [0, -8, 14]},
			"faces": {
				"north": {"uv": [5.625, 7.75, 4.875, 8.5], "texture": "#1"},
				"east": {"uv": [7.125, 0, 6.375, 0.75], "texture": "#1"},
				"south": {"uv": [5.625, 7.75, 4.875, 8.5], "texture": "#1"},
				"west": {"uv": [6.375, 0, 7.125, 0.75], "texture": "#1"},
				"up": {"uv": [6.375, 0.75, 7.125, 0], "rotation": 90, "texture": "#1"},
				"down": {"uv": [7.125, 0.75, 6.375, 0], "rotation": 90, "texture": "#1"}
			}
		},
		{
			"from": [2, -2, -1.65],
			"to": [3, -1, 0.6],
			"rotation": {"angle": 0, "axis": "y", "origin": [0, -8, 14]},
			"faces": {
				"north": {"uv": [5.75, 6, 5.875, 5.875], "texture": "#2"},
				"east": {"uv": [6.125, 6, 5.75, 5.875], "texture": "#2"},
				"south": {"uv": [5.75, 6, 5.875, 5.875], "texture": "#2"},
				"west": {"uv": [5.75, 6, 6.125, 5.875], "texture": "#2"},
				"up": {"uv": [5.75, 6, 6.125, 5.875], "rotation": 90, "texture": "#2"},
				"down": {"uv": [6.125, 6, 5.75, 5.875], "rotation": 90, "texture": "#2"}
			}
		},
		{
			"from": [-2, -6, -1.5],
			"to": [7, 3, -0.5],
			"rotation": {"angle": 0, "axis": "y", "origin": [0, -8, 14]},
			"faces": {
				"north": {"uv": [1.125, 9.875, 0, 11], "texture": "#2"},
				"east": {"uv": [1.25, 9.875, 1.125, 11], "texture": "#2"},
				"south": {"uv": [1.125, 9.875, 0, 11], "texture": "#2"},
				"west": {"uv": [1.25, 9.875, 1.125, 11], "texture": "#2"},
				"up": {"uv": [1.125, 11, 1.25, 9.875], "rotation": 90, "texture": "#2"},
				"down": {"uv": [1.125, 11, 1.25, 9.875], "rotation": 90, "texture": "#2"}
			}
		},
		{
			"name": "cube inverted",
			"from": [7, 3, -0.5],
			"to": [-2, -6, -1.5],
			"rotation": {"angle": 0, "axis": "y", "origin": [0, -8, 14]},
			"faces": {
				"north": {"uv": [1.125, 11, 0, 9.875], "texture": "#2"},
				"east": {"uv": [3.25, 16, 3, 13.75], "texture": "#2"},
				"south": {"uv": [1.125, 11, 0, 9.875], "texture": "#2"},
				"west": {"uv": [1.5, 13.375, 1.25, 11.125], "texture": "#2"},
				"up": {"uv": [6.25, 13.125, 6, 15.375], "rotation": 90, "texture": "#2"},
				"down": {"uv": [6.25, 14.375, 6, 12.125], "rotation": 270, "texture": "#2"}
			}
		}
	],
	"display": {
		"thirdperson_righthand": {
			"rotation": [58, -41, 0],
			"translation": [0, 1.25, 0.25],
			"scale": [0.1, 0.1, 0.1]
		},
		"thirdperson_lefthand": {
			"rotation": [58, -41, 0],
			"translation": [0, 1.25, 0.25],
			"scale": [0.1, 0.1, 0.1]
		},
		"firstperson_righthand": {
			"rotation": [0, -36, 0],
			"translation": [16.5, 0, -7.25]
		},
		"firstperson_lefthand": {
			"rotation": [0, 135, 0],
			"translation": [16.5, 0, -7.25]
		},
		"ground": {
			"translation": [0, 4, 0],
			"scale": [0.2, 0.2, 0.2]
		},
		"gui": {
			"rotation": [30, 45, 0],
			"translation": [-0.5, 1, 0],
			"scale": [0.35, 0.35, 0.35]
		},
		"head": {
			"translation": [-4.5, 9.75, 0]
		},
		"fixed": {
			"rotation": [-90, 0, 0],
			"translation": [-4, 0, -56.5],
			"scale": [4, 4, 4]
		}
	},
	"groups": [
		{
			"name": "group",
			"origin": [8, 8, 8],
			"color": 0,
			"nbt": "{}",
			"children": [0, 1, 2, 3, 4, 5, 6, 7, 8, 9, 10, 11, 12, 13, 14, 15, 16, 17, 18, 19, 20, 21, 22, 23]
		},
		{
			"name": "group",
			"origin": [0, -8, 2],
			"color": 0,
			"nbt": "{}",
			"children": [24, 25, 26, 27, 28, 29, 30, 31]
		},
		{
			"name": "group",
			"origin": [0, -8, 2],
			"color": 0,
			"nbt": "{}",
			"children": [32, 33, 34, 35, 36, 37, 38, 39]
		}
	]
}