{
	"credit": "Made with Blockbench",
	"textures": {
		"0": "decorations:outdoor/misc_2",
		"particle": "decorations:outdoor/misc_2"
	},
	"elements": [
		{
			"from": [1, 10, -4],
			"to": [15, 12, 2],
			"faces": {
				"north": {"uv": [0, 5.875, 2, 5.625], "rotation": 180, "texture": "#0"},
				"east": {"uv": [2, 6.625, 2.25, 5.625], "rotation": 90, "texture": "#0"},
				"south": {"uv": [0, 5.875, 2, 5.625], "rotation": 180, "texture": "#0"},
				"west": {"uv": [2, 6.625, 2.25, 5.625], "rotation": 90, "texture": "#0"},
				"up": {"uv": [0, 5.625, 2, 6.625], "rotation": 180, "texture": "#0"},
				"down": {"uv": [0, 6.625, 2, 5.625], "rotation": 180, "texture": "#0"}
			}
		},
		{
			"from": [1, 10, 14],
			"to": [15, 12, 20],
			"rotation": {"angle": 0, "axis": "y", "origin": [0, 0, 16]},
			"faces": {
				"north": {"uv": [2, 5.875, 0, 5.625], "rotation": 180, "texture": "#0"},
				"east": {"uv": [2, 5.625, 2.25, 6.625], "rotation": 90, "texture": "#0"},
				"south": {"uv": [2, 5.875, 0, 5.625], "rotation": 180, "texture": "#0"},
				"west": {"uv": [2, 5.625, 2.25, 6.625], "rotation": 90, "texture": "#0"},
				"up": {"uv": [0, 6.625, 2, 5.625], "rotation": 180, "texture": "#0"},
				"down": {"uv": [0, 5.625, 2, 6.625], "rotation": 180, "texture": "#0"}
			}
		},
		{
			"from": [1, 18, 10.5],
			"to": [15, 20, 16.5],
			"rotation": {"angle": 0, "axis": "y", "origin": [0, 0, 16]},
			"faces": {
				"north": {"uv": [2, 5.875, 0, 5.625], "rotation": 180, "texture": "#0"},
				"east": {"uv": [2, 5.625, 2.25, 6.625], "rotation": 90, "texture": "#0"},
				"south": {"uv": [2, 5.875, 0, 5.625], "rotation": 180, "texture": "#0"},
				"west": {"uv": [2, 5.625, 2.25, 6.625], "rotation": 90, "texture": "#0"},
				"up": {"uv": [0, 6.625, 2, 5.625], "rotation": 180, "texture": "#0"},
				"down": {"uv": [0, 5.625, 2, 6.625], "rotation": 180, "texture": "#0"}
			}
		},
		{
			"from": [0, 26.5, 5],
			"to": [16, 28.5, 11],
			"rotation": {"angle": 0, "axis": "y", "origin": [0, 0, 16]},
			"faces": {
				"north": {"uv": [2, 5.875, 0, 5.625], "rotation": 180, "texture": "#0"},
				"east": {"uv": [2, 5.625, 2.25, 6.625], "rotation": 90, "texture": "#0"},
				"south": {"uv": [2, 5.875, 0, 5.625], "rotation": 180, "texture": "#0"},
				"west": {"uv": [2, 5.625, 2.25, 6.625], "rotation": 90, "texture": "#0"},
				"up": {"uv": [0, 6.625, 2.25, 5.625], "rotation": 180, "texture": "#0"},
				"down": {"uv": [0, 5.625, 2, 6.625], "rotation": 180, "texture": "#0"}
			}
		},
		{
			"from": [-0.02, -4, 15],
			"to": [1.98, 26, 17],
			"rotation": {"angle": -22.5, "axis": "x", "origin": [8, 8, 8]},
			"faces": {
				"north": {"uv": [2.75, 5.625, 2.5, 8.875], "texture": "#0"},
				"east": {"uv": [2.5, 5.625, 2.75, 8.875], "texture": "#0"},
				"south": {"uv": [2.75, 5.625, 2.5, 8.875], "texture": "#0"},
				"west": {"uv": [2.5, 5.625, 2.75, 8.875], "texture": "#0"},
				"up": {"uv": [2.75, 5.625, 2.5, 5.875], "texture": "#0"},
				"down": {"uv": [2.75, 5.625, 2.5, 5.875], "texture": "#0"}
			}
		},
		{
			"from": [-0.01, -4, -1],
			"to": [1.99, 26, 1],
			"rotation": {"angle": 22.5, "axis": "x", "origin": [8, 8, 8]},
			"faces": {
				"north": {"uv": [2.5, 5.625, 2.75, 8.875], "texture": "#0"},
				"east": {"uv": [2.75, 5.625, 2.5, 8.875], "texture": "#0"},
				"south": {"uv": [2.5, 5.625, 2.75, 8.875], "texture": "#0"},
				"west": {"uv": [2.75, 5.625, 2.5, 8.875], "texture": "#0"},
				"up": {"uv": [2.75, 5.625, 2.5, 5.875], "texture": "#0"},
				"down": {"uv": [2.75, 5.625, 2.5, 5.875], "texture": "#0"}
			}
		},
		{
			"from": [14.02, -4, 15],
			"to": [16.02, 26, 17],
			"rotation": {"angle": -22.5, "axis": "x", "origin": [8, 8, 8]},
			"faces": {
				"north": {"uv": [2.5, 5.625, 2.75, 8.875], "texture": "#0"},
				"east": {"uv": [2.75, 5.625, 2.5, 8.875], "texture": "#0"},
				"south": {"uv": [2.5, 5.625, 2.75, 8.875], "texture": "#0"},
				"west": {"uv": [2.75, 5.625, 2.5, 8.875], "texture": "#0"},
				"up": {"uv": [2.5, 5.625, 2.75, 5.875], "texture": "#0"},
				"down": {"uv": [2.5, 5.625, 2.75, 5.875], "texture": "#0"}
			}
		},
		{
			"from": [14.01, -4, -1],
			"to": [16.01, 26, 1],
			"rotation": {"angle": 22.5, "axis": "x", "origin": [8, 8, 8]},
			"faces": {
				"north": {"uv": [2.75, 5.625, 2.5, 8.875], "texture": "#0"},
				"east": {"uv": [2.5, 5.625, 2.75, 8.875], "texture": "#0"},
				"south": {"uv": [2.75, 5.625, 2.5, 8.875], "texture": "#0"},
				"west": {"uv": [2.5, 5.625, 2.75, 8.875], "texture": "#0"},
				"up": {"uv": [2.5, 5.625, 2.75, 5.875], "texture": "#0"},
				"down": {"uv": [2.5, 5.625, 2.75, 5.875], "texture": "#0"}
			}
		}
	],
	"display": {
		"thirdperson_righthand": {
			"rotation": [41, 47, 0],
			"scale": [0.2, 0.2, 0.2]
		},
		"thirdperson_lefthand": {
			"rotation": [41, 47, 0],
			"scale": [0.2, 0.2, 0.2]
		},
		"firstperson_righthand": {
			"rotation": [-4, -56, -6],
			"translation": [16.25, -9, -12.75]
		},
		"firstperson_lefthand": {
			"rotation": [-4, -56, -6],
			"translation": [16.25, -9, -12.75]
		},
		"ground": {
			"translation": [0, 2.75, 0],
			"scale": [0.3, 0.3, 0.3]
		},
		"gui": {
			"rotation": [30, 45, 0],
			"translation": [0, -2, 0],
			"scale": [0.45, 0.45, 0.45]
		},
		"head": {
			"rotation": [0, 90, 0]
		},
		"fixed": {
			"rotation": [-90, 0, 0],
			"translation": [0, 0, -16],
			"scale": [2, 2, 2]
		}
	},
	"groups": [
		{
			"name": "group",
			"origin": [8, 8, 8],
			"color": 0,
			"boneType": "",
			"children": [0, 1, 2, 3, 4, 5, 6, 7]
		}
	]
}