{
	"credit": "Made with Blockbench",
	"texture_size": [128, 128],
	"textures": {
		"1": "decorations:outdoor/misc_2",
		"particle": "decorations:outdoor/misc_2"
	},
	"elements": [
		{
			"from": [7.23, 13.825, -5.225],
			"to": [9.27, 17.09, -1.885],
			"rotation": {"angle": -45, "axis": "x", "origin": [8.25, 15.32, -3.73]},
			"faces": {
				"north": {"uv": [0.75, 7.125, 0.875, 8], "rotation": 180, "texture": "#1", "tintindex": 0},
				"east": {"uv": [0, 7.125, 0.875, 8], "rotation": 270, "texture": "#1", "tintindex": 0},
				"south": {"uv": [0, 7.125, 0.125, 8], "texture": "#1", "tintindex": 0},
				"west": {"uv": [0, 7.125, 0.875, 8], "rotation": 90, "texture": "#1", "tintindex": 0},
				"up": {"uv": [0, 7.125, 0.125, 8], "rotation": 180, "texture": "#1", "tintindex": 0},
				"down": {"uv": [0, 7.125, 0.875, 8], "texture": "#1", "tintindex": 0}
			}
		},
		{
			"from": [7.23, 14.225, 18.285],
			"to": [9.27, 17.49, 21.625],
			"rotation": {"angle": 45, "axis": "x", "origin": [8.25, 15.32, 19.73]},
			"faces": {
				"north": {"uv": [0.125, 7.125, 0, 8], "texture": "#1", "tintindex": 0},
				"east": {"uv": [0, 8, 0.875, 7.125], "rotation": 270, "texture": "#1", "tintindex": 0},
				"south": {"uv": [0.875, 7.125, 0.75, 8], "rotation": 180, "texture": "#1", "tintindex": 0},
				"west": {"uv": [0, 8, 0.875, 7.125], "rotation": 90, "texture": "#1", "tintindex": 0},
				"up": {"uv": [0, 8, 0.125, 7.125], "rotation": 180, "texture": "#1", "tintindex": 0},
				"down": {"uv": [0, 8, 0.875, 7.125], "texture": "#1", "tintindex": 0}
			}
		},
		{
			"from": [7.5, -6, -4],
			"to": [7.5, 16, 20],
			"rotation": {"angle": 45, "axis": "z", "origin": [8, 16, 8]},
			"faces": {
				"north": {"uv": [3, 5.625, 3.0625, 8.375], "texture": "#1", "tintindex": 0},
				"east": {"uv": [0, 10.5, 6, 16], "texture": "#1", "tintindex": 0},
				"south": {"uv": [2.875, 5.75, 2.9375, 8.5], "texture": "#1", "tintindex": 0},
				"west": {"uv": [6, 10.5, 12, 16], "texture": "#1", "tintindex": 0},
				"up": {"uv": [0, 0, 0, 0], "texture": "#1"},
				"down": {"uv": [2.5625, 5.75, 2.5, 8.75], "texture": "#1", "tintindex": 0}
			}
		},
		{
			"from": [8.5, -6, -4],
			"to": [8.5, 16, 20],
			"rotation": {"angle": -45, "axis": "z", "origin": [8, 16, 8]},
			"faces": {
				"north": {"uv": [3, 5.75, 3.0625, 8.5], "texture": "#1", "tintindex": 0},
				"east": {"uv": [6, 10.5, 12, 16], "texture": "#1", "tintindex": 0},
				"south": {"uv": [3.125, 5.75, 3.1875, 8.5], "texture": "#1", "tintindex": 0},
				"west": {"uv": [0, 10.5, 6, 16], "texture": "#1", "tintindex": 0},
				"up": {"uv": [0, 0, 0, 0], "texture": "#1"},
				"down": {"uv": [2.6875, 5.75, 2.625, 8.75], "texture": "#1", "tintindex": 0}
			}
		},
		{
			"from": [7.25, 0, -4.75],
			"to": [9.25, 17, -2.75],
			"rotation": {"angle": 0, "axis": "y", "origin": [8, 8, 3]},
			"faces": {
				"north": {"uv": [3.125, 5.625, 2.875, 7.75], "texture": "#1"},
				"east": {"uv": [2.875, 5.625, 3.125, 7.75], "texture": "#1"},
				"south": {"uv": [3.125, 5.625, 2.875, 7.75], "texture": "#1"},
				"west": {"uv": [2.875, 5.625, 3.125, 7.75], "texture": "#1"},
				"up": {"uv": [2.875, 5.625, 3.125, 5.875], "texture": "#1"},
				"down": {"uv": [2.875, 5.625, 3.125, 5.875], "texture": "#1"}
			}
		},
		{
			"from": [7.25, 0, 19.25],
			"to": [9.25, 17, 21.25],
			"rotation": {"angle": 0, "axis": "y", "origin": [8, 8, 3]},
			"faces": {
				"north": {"uv": [3.125, 5.625, 2.875, 7.75], "texture": "#1"},
				"east": {"uv": [2.875, 5.625, 3.125, 7.75], "texture": "#1"},
				"south": {"uv": [3.125, 5.625, 2.875, 7.75], "texture": "#1"},
				"west": {"uv": [2.875, 5.625, 3.125, 7.75], "texture": "#1"},
				"up": {"uv": [2.875, 5.625, 3.125, 5.875], "texture": "#1"},
				"down": {"uv": [2.875, 5.625, 3.125, 5.875], "texture": "#1"}
			}
		},
		{
			"from": [22.75, 0, -4.5],
			"to": [23.75, 3, -3.5],
			"rotation": {"angle": 0, "axis": "y", "origin": [8, 8, 3]},
			"faces": {
				"north": {"uv": [6.375, 5.25, 6.25, 4.875], "texture": "#1"},
				"east": {"uv": [6.375, 5.25, 6.25, 4.875], "texture": "#1"},
				"south": {"uv": [6.375, 5.25, 6.25, 4.875], "texture": "#1"},
				"west": {"uv": [6.375, 5.25, 6.25, 4.875], "texture": "#1"},
				"up": {"uv": [6.125, 2.625, 6, 2.5], "texture": "#1"},
				"down": {"uv": [6.125, 2.625, 6, 2.75], "texture": "#1"}
			}
		},
		{
			"from": [-7.75, 0, -4.5],
			"to": [-6.75, 3, -3.5],
			"rotation": {"angle": 0, "axis": "y", "origin": [8, 8, 3]},
			"faces": {
				"north": {"uv": [6.25, 5.25, 6.375, 4.875], "texture": "#1"},
				"east": {"uv": [6.25, 5.25, 6.375, 4.875], "texture": "#1"},
				"south": {"uv": [6.25, 5.25, 6.375, 4.875], "texture": "#1"},
				"west": {"uv": [6.25, 5.25, 6.375, 4.875], "texture": "#1"},
				"up": {"uv": [6, 2.625, 6.125, 2.5], "texture": "#1"},
				"down": {"uv": [6, 2.625, 6.125, 2.75], "texture": "#1"}
			}
		},
		{
			"from": [-7.75, 0, 19.5],
			"to": [-6.75, 3, 20.5],
			"rotation": {"angle": 0, "axis": "y", "origin": [8, 8, 13]},
			"faces": {
				"north": {"uv": [6.375, 5.25, 6.25, 4.875], "texture": "#1"},
				"east": {"uv": [6.375, 5.25, 6.25, 4.875], "texture": "#1"},
				"south": {"uv": [6.375, 5.25, 6.25, 4.875], "texture": "#1"},
				"west": {"uv": [6.375, 5.25, 6.25, 4.875], "texture": "#1"},
				"up": {"uv": [6, 2.5, 6.125, 2.625], "texture": "#1"},
				"down": {"uv": [6, 2.75, 6.125, 2.625], "texture": "#1"}
			}
		},
		{
			"from": [22.75, 0, 19.5],
			"to": [23.75, 3, 20.5],
			"rotation": {"angle": 0, "axis": "y", "origin": [8, 8, 13]},
			"faces": {
				"north": {"uv": [6.25, 5.25, 6.375, 4.875], "texture": "#1"},
				"east": {"uv": [6.25, 5.25, 6.375, 4.875], "texture": "#1"},
				"south": {"uv": [6.25, 5.25, 6.375, 4.875], "texture": "#1"},
				"west": {"uv": [6.25, 5.25, 6.375, 4.875], "texture": "#1"},
				"up": {"uv": [6.125, 2.5, 6, 2.625], "texture": "#1"},
				"down": {"uv": [6.125, 2.75, 6, 2.625], "texture": "#1"}
			}
		},
		{
			"from": [7.4, 14.55, -6],
			"to": [9.2, 16.55, 22],
			"rotation": {"angle": 0, "axis": "x", "origin": [8, 8, 3]},
			"faces": {
				"north": {"uv": [2.875, 5.625, 3.125, 5.875], "texture": "#1"},
				"east": {"uv": [3.125, 5.625, 2.875, 7.875], "rotation": 90, "texture": "#1"},
				"south": {"uv": [2.875, 5.625, 3.125, 5.875], "texture": "#1"},
				"west": {"uv": [2.875, 7.875, 3.125, 5.625], "rotation": 90, "texture": "#1"},
				"up": {"uv": [2.875, 5.625, 3.125, 7.875], "texture": "#1"},
				"down": {"uv": [3.125, 5.625, 2.875, 7.875], "texture": "#1"}
			}
		}
	],
	"display": {
		"thirdperson_righthand": {
			"rotation": [0, 35, 0],
			"translation": [0, 1.25, 0],
			"scale": [0.2, 0.2, 0.2]
		},
		"thirdperson_lefthand": {
			"rotation": [0, 35, 0],
			"translation": [0, 1.25, 0],
			"scale": [0.2, 0.2, 0.2]
		},
		"firstperson_righthand": {
			"rotation": [-12, 12, 0],
			"translation": [19, -2.75, -11.25]
		},
		"firstperson_lefthand": {
			"rotation": [-12, 12, 0],
			"translation": [19, -2.75, -11.25]
		},
		"ground": {
			"translation": [0, 6.75, 0],
			"scale": [0.4, 0.4, 0.4]
		},
		"gui": {
			"rotation": [30, 135, 0],
			"translation": [0, 1, 0],
			"scale": [0.4, 0.4, 0.4]
		},
		"head": {
			"translation": [0, 5.5, 0]
		},
		"fixed": {
			"rotation": [-90, 0, 0],
			"translation": [0, -18.5, -33],
			"scale": [4, 4, 4]
		}
	}
}