{
	"credit": "MadewithBlockbench",
	"textures": {
		"0": "decorations:outdoor/note_1",
		"2": "decorations:outdoor/note_1_1",
		"particle": "decorations:outdoor/note_1"
	},
	"elements": [
		{
			"from": [-8, -2, 7.25],
			"to": [24, 16, 8.75],
			"rotation": {"angle": 0, "axis": "y", "origin": [8, 22, 9]},
			"faces": {
				"north": {"uv": [0, 0, 8, 4.5], "texture": "#0"},
				"east": {"uv": [8.75, 0, 8.375, 4.5], "texture": "#0"},
				"south": {"uv": [0, 0, 8, 4.5], "texture": "#0"},
				"west": {"uv": [8.375, 0, 8.75, 4.5], "texture": "#0"},
				"up": {"uv": [0, 4.875, 8, 5.25], "texture": "#0"},
				"down": {"uv": [0.125, 4.5, 8.125, 4.875], "texture": "#0"}
			}
		},
		{
			"from": [-8, -2, 7.2],
			"to": [24, 16, 7.2],
			"rotation": {"angle": 0, "axis": "y", "origin": [8, 22, 9]},
			"faces": {
				"north": {"uv": [0, 0, 16, 9], "texture": "#2"},
				"east": {"uv": [8.75, 0, 8.375, 4.5], "texture": "#2"},
				"south": {"uv": [16, 0, 0, 9], "texture": "#2"},
				"west": {"uv": [8.375, 0, 8.75, 4.5], "texture": "#2"},
				"up": {"uv": [0, 4.875, 8, 5.25], "texture": "#2"},
				"down": {"uv": [0.125, 4.5, 8.125, 4.875], "texture": "#2"}
			}
		},
		{
			"from": [14.4, 0.6, 7.15],
			"to": [21.4, 4.6, 7.15],
			"rotation": {"angle": 0, "axis": "y", "origin": [17.9, 2.6, 7.15]},
			"faces": {
				"north": {"uv": [9.375, 0, 16, 4], "texture": "#0"},
				"east": {"uv": [8.75, 0, 8.375, 4.5], "texture": "#0"},
				"south": {"uv": [16, 0, 16, 0], "texture": "#0"},
				"west": {"uv": [8.375, 0, 8.75, 4.5], "texture": "#0"},
				"up": {"uv": [0, 4.875, 8, 5.25], "texture": "#0"},
				"down": {"uv": [0.125, 4.5, 8.125, 4.875], "texture": "#0"}
			}
		},
		{
			"from": [-6.5, -7.4, 7.25],
			"to": [22.5, -5.9, 8.75],
			"rotation": {"angle": 0, "axis": "y", "origin": [8, 24.35, 8]},
			"faces": {
				"north": {"uv": [0.0375, 4.85, 7.9125, 5.225], "texture": "#0"},
				"east": {"uv": [0.0375, 4.85, 7.9125, 5.225], "texture": "#0"},
				"south": {"uv": [0.0375, 4.85, 7.9125, 5.225], "texture": "#0"},
				"west": {"uv": [0.0375, 4.85, 7.9125, 5.225], "texture": "#0"},
				"up": {"uv": [0.0375, 4.85, 7.9125, 5.225], "texture": "#0"},
				"down": {"uv": [0.0375, 4.85, 7.9125, 5.225], "texture": "#0"}
			}
		},
		{
			"from": [-8, -8, 7.25],
			"to": [-6.5, -2, 8.75],
			"rotation": {"angle": 0, "axis": "y", "origin": [6.75, 26, 8]},
			"faces": {
				"north": {"uv": [8, 2.125, 8.375, 3.625], "texture": "#0"},
				"east": {"uv": [8.375, 2.125, 8, 3.625], "texture": "#0"},
				"south": {"uv": [8, 2.125, 8.375, 3.625], "texture": "#0"},
				"west": {"uv": [8.375, 2.125, 8, 3.625], "texture": "#0"},
				"up": {"uv": [8.125, 2.125, 8, 2.25], "texture": "#0"},
				"down": {"uv": [8.125, 2.125, 8, 2.25], "texture": "#0"}
			}
		},
		{
			"from": [22.5, -8, 7.25],
			"to": [24, -2, 8.75],
			"rotation": {"angle": 0, "axis": "y", "origin": [7.25, 25, 8]},
			"faces": {
				"north": {"uv": [8.375, 2.125, 8, 3.625], "texture": "#0"},
				"east": {"uv": [8, 2.125, 8.375, 3.625], "texture": "#0"},
				"south": {"uv": [8.375, 2.125, 8, 3.625], "texture": "#0"},
				"west": {"uv": [8, 2.125, 8.375, 3.625], "texture": "#0"},
				"up": {"uv": [8.125, 2.125, 8, 2.25], "texture": "#0"},
				"down": {"uv": [8.125, 2.125, 8, 2.25], "texture": "#0"}
			}
		}
	],
	"display": {
		"thirdperson_righthand": {
			"rotation": [63, 34, 0],
			"translation": [0, 1, -1],
			"scale": [0.37891, 0.37891, 0.37891]
		},
		"thirdperson_lefthand": {
			"rotation": [63, 34, 0],
			"translation": [0, 1, -1],
			"scale": [0.37891, 0.37891, 0.37891]
		},
		"firstperson_righthand": {
			"rotation": [3, 112, -13],
			"translation": [9.5, 0, -5.75],
			"scale": [0.35547, 0.35547, 0.35547]
		},
		"firstperson_lefthand": {
			"rotation": [3, 112, -13],
			"translation": [9.5, 0, -5.75],
			"scale": [0.35547, 0.35547, 0.35547]
		},
		"ground": {
			"translation": [0, 4.25, 0],
			"scale": [0.28906, 0.28906, 0.28906]
		},
		"gui": {
			"rotation": [30, -158, 0],
			"translation": [0, 2, 0],
			"scale": [0.48789, 0.59922, 0.56992]
		},
		"head": {
			"translation": [0, 8, 0],
			"scale": [3.2, 3.2, 3.2]
		},
		"fixed": {
			"rotation": [-90, 0, 0],
			"translation": [0, 0, -63.99],
			"scale": [4, 4, 4]
		}
	}
}