{
  "credit": "MadewithBlockbench",
  "texture_size": [
    128,
    128
  ],
  "textures": {
    "1": "decorations:indoor/bedroom_1"
  },
  "elements": [
    {
      "from": [
        -14,
        3,
        0
      ],
      "to": [
        14,
        8,
        30
      ],
      "rotation": {
        "angle": 0,
        "axis": "y",
        "origin": [
          0,
          1,
          0
        ]
      },
      "faces": {
        "north": {
          "uv": [
            0,
            6.5,
            3.5,
            7.125
          ],
          "texture": "#1"
        },
        "east": {
          "uv": [
            7,
            2.5,
            10.75,
            3.125
          ],
          "texture": "#1"
        },
        "south": {
          "uv": [
            7.125,
            9.5,
            10.625,
            10.125
          ],
          "texture": "#1"
        },
        "west": {
          "uv": [
            7,
            3.125,
            10.75,
            3.75
          ],
          "texture": "#1"
        },
        "up": {
          "uv": [
            3.5,
            3.75,
            0,
            0
          ],
          "texture": "#1"
        },
        "down": {
          "uv": [
            7,
            0,
            3.5,
            3.75
          ],
          "texture": "#1"
        }
      }
    },
    {
      "from": [
        -14.5,
        3.5,
        10
      ],
      "to": [
        14.5,
        8.5,
        20
      ],
      "rotation": {
        "angle": 0,
        "axis": "y",
        "origin": [
          0,
          -2,
          0
        ]
      },
      "faces": {
        "north": {
          "uv": [
            0,
            7.375,
            3.625,
            8
          ],
          "texture": "#1",
          "tintindex": 0
        },
        "east": {
          "uv": [
            9.25,
            4,
            8,
            4.625
          ],
          "texture": "#1",
          "tintindex": 0
        },
        "south": {
          "uv": [
            0,
            8,
            3.625,
            8.625
          ],
          "texture": "#1",
          "tintindex": 0
        },
        "west": {
          "uv": [
            8,
            4,
            9.25,
            4.625
          ],
          "texture": "#1",
          "tintindex": 0
        },
        "up": {
          "uv": [
            10.625,
            1.25,
            7,
            0
          ],
          "texture": "#1",
          "tintindex": 0
        },
        "down": {
          "uv": [
            10.625,
            1.25,
            7,
            2.5
          ],
          "texture": "#1"
        }
      }
    },
    {
      "from": [
        -13,
        0,
        1
      ],
      "to": [
        13,
        3,
        30
      ],
      "faces": {
        "north": {
          "uv": [
            0,
            5.75,
            3.25,
            6.375
          ],
          "texture": "#1",
          "tintindex": 0
        },
        "east": {
          "uv": [
            3.625,
            5,
            0,
            5.625
          ],
          "texture": "#1",
          "tintindex": 0
        },
        "south": {
          "uv": [
            0,
            5.75,
            3.25,
            6.375
          ],
          "texture": "#1",
          "tintindex": 0
        },
        "west": {
          "uv": [
            0,
            5,
            3.625,
            5.625
          ],
          "texture": "#1",
          "tintindex": 0
        },
        "up": {
          "uv": [
            4.25,
            0,
            4.125,
            0.125
          ],
          "texture": "#1",
          "tintindex": 0
        },
        "down": {
          "uv": [
            4.25,
            0,
            4.125,
            0.125
          ],
          "texture": "#1",
          "tintindex": 0
        }
      }
    },
    {
      "from": [
        -15,
        0,
        30
      ],
      "to": [
        15,
        16,
        32
      ],
      "faces": {
        "north": {
          "uv": [
            3.75,
            6,
            7.5,
            8
          ],
          "texture": "#1",
          "tintindex": 0
        },
        "east": {
          "uv": [
            4,
            3.875,
            3.75,
            5.875
          ],
          "texture": "#1"
        },
        "south": {
          "uv": [
            3.75,
            6,
            7.5,
            8
          ],
          "texture": "#1",
          "tintindex": 0
        },
        "west": {
          "uv": [
            4,
            3.875,
            3.75,
            5.875
          ],
          "texture": "#1"
        },
        "up": {
          "uv": [
            7.5125,
            4.125,
            3.7625,
            3.875
          ],
          "texture": "#1",
          "tintindex": 0
        },
        "down": {
          "uv": [
            7.5125,
            4.125,
            3.7625,
            3.875
          ],
          "texture": "#1",
          "tintindex": 0
        }
      }
    },
    {
      "from": [
        1.5,
        17,
        19.7
      ],
      "to": [
        12.5,
        24,
        23.2
      ],
      "rotation": {
        "angle": 22.5,
        "axis": "x",
        "origin": [
          0,
          1,
          0
        ]
      },
      "faces": {
        "north": {
          "uv": [
            0,
            4,
            1.375,
            4.875
          ],
          "texture": "#1"
        },
        "east": {
          "uv": [
            3.5,
            3.875,
            3,
            4.75
          ],
          "texture": "#1"
        },
        "south": {
          "uv": [
            0,
            4,
            1.375,
            4.875
          ],
          "texture": "#1"
        },
        "west": {
          "uv": [
            3.5,
            3.875,
            3,
            4.75
          ],
          "texture": "#1"
        },
        "up": {
          "uv": [
            2.875,
            4.5,
            1.5,
            4
          ],
          "texture": "#1"
        },
        "down": {
          "uv": [
            2.875,
            4,
            1.5,
            4.5
          ],
          "texture": "#1"
        }
      }
    },
    {
      "from": [
        -12.5,
        17,
        19.7
      ],
      "to": [
        -1.5,
        24,
        23.2
      ],
      "rotation": {
        "angle": 22.5,
        "axis": "x",
        "origin": [
          0,
          1,
          0
        ]
      },
      "faces": {
        "north": {
          "uv": [
            0,
            4,
            1.375,
            4.875
          ],
          "texture": "#1"
        },
        "east": {
          "uv": [
            3.5,
            3.875,
            3,
            4.75
          ],
          "texture": "#1"
        },
        "south": {
          "uv": [
            0,
            4,
            1.375,
            4.875
          ],
          "texture": "#1"
        },
        "west": {
          "uv": [
            3.5,
            3.875,
            3,
            4.75
          ],
          "texture": "#1"
        },
        "up": {
          "uv": [
            2.875,
            4.5,
            1.5,
            4
          ],
          "texture": "#1"
        },
        "down": {
          "uv": [
            2.875,
            4,
            1.5,
            4.5
          ],
          "texture": "#1"
        }
      }
    }
  ],
  "display": {
    "thirdperson_righthand": {
      "rotation": [
        60,
        -160,
        0
      ],
      "translation": [
        3.75,
        12.75,
        -6.25
      ],
      "scale": [
        -0.5,
        0.5,
        -0.5
      ]
    },
    "thirdperson_lefthand": {
      "rotation": [
        60,
        -160,
        0
      ],
      "translation": [
        -6,
        9.75,
        -5.75
      ],
      "scale": [
        -0.6,
        0.6,
        -0.6
      ]
    },
    "firstperson_righthand": {
      "rotation": [
        0,
        -73,
        6
      ],
      "translation": [
        -4,
        -0.5,
        0
      ],
      "scale": [
        -0.4,
        0.4,
        -0.4
      ]
    },
    "firstperson_lefthand": {
      "rotation": [
        0,
        -73,
        6
      ],
      "translation": [
        -2,
        -0.5,
        5.25
      ],
      "scale": [
        -0.4,
        0.4,
        -0.4
      ]
    },
    "ground": {
      "translation": [
        2,
        1.5,
        -3
      ],
      "scale": [
        0.35,
        0.35,
        0.35
      ]
    },
    "gui": {
      "rotation": [
        30,
        38,
        0
      ],
      "translation": [
        0.25,
        -1.75,
        0
      ],
      "scale": [
        -0.35,
        0.35,
        -0.35
      ]
    },
    "head": {
      "translation": [
        0,
        -30.4,
        0
      ],
      "scale": [
        -1.6,
        1.6,
        -1.6
      ]
    },
    "fixed": {
      "rotation": [
        -90,
        0,
        0
      ],
      "translation": [
        0,
        0,
        -16
      ],
      "scale": [
        2,
        2,
        2
      ]
    }
  }
}