{
  "credit": "Made with Blockbench",
  "texture_size": [
    128,
    128
  ],
  "textures": {
    "0": "decorations:indoor/indoor_props_1",
    "1": "decorations:indoor/indoor_fan",
    "particle": "decorations:indoor/indoor_props_1"
  },
  "elements": [
    {
      "from": [
        5.5,
        13,
        5.5
      ],
      "to": [
        10.5,
        16,
        10.5
      ],
      "rotation": {
        "angle": 0,
        "axis": "y",
        "origin": [
          0.5,
          0,
          0.5
        ]
      },
      "faces": {
        "north": {
          "uv": [
            1.5,
            1.25,
            2.125,
            1.625
          ],
          "texture": "#0"
        },
        "east": {
          "uv": [
            1.5,
            1.25,
            2.125,
            1.625
          ],
          "texture": "#0"
        },
        "south": {
          "uv": [
            1.5,
            1.25,
            2.125,
            1.625
          ],
          "texture": "#0"
        },
        "west": {
          "uv": [
            1.5,
            1.25,
            2.125,
            1.625
          ],
          "texture": "#0"
        },
        "up": {
          "uv": [
            2.375,
            1.25,
            3,
            0.625
          ],
          "texture": "#0"
        },
        "down": {
          "uv": [
            3.125,
            1.25,
            3.75,
            0.625
          ],
          "texture": "#0"
        }
      }
    },
    {
      "from": [
        4,
        8,
        4
      ],
      "to": [
        12,
        11,
        12
      ],
      "faces": {
        "north": {
          "uv": [
            2.375,
            0.125,
            3.375,
            0.5
          ],
          "texture": "#0"
        },
        "east": {
          "uv": [
            2.375,
            0.125,
            3.375,
            0.5
          ],
          "texture": "#0"
        },
        "south": {
          "uv": [
            2.375,
            0.125,
            3.375,
            0.5
          ],
          "texture": "#0"
        },
        "west": {
          "uv": [
            2.375,
            0.125,
            3.375,
            0.5
          ],
          "texture": "#0"
        },
        "up": {
          "uv": [
            0.125,
            1.125,
            1.125,
            0.125
          ],
          "texture": "#0"
        },
        "down": {
          "uv": [
            1.25,
            1.125,
            2.25,
            0.125
          ],
          "texture": "#0"
        }
      }
    },
    {
      "from": [
        6,
        5,
        6
      ],
      "to": [
        10,
        8,
        10
      ],
      "faces": {
        "north": {
          "uv": [
            4,
            0.5,
            4.5,
            0.875
          ],
          "texture": "#0"
        },
        "east": {
          "uv": [
            4,
            0.5,
            4.5,
            0.875
          ],
          "texture": "#0"
        },
        "south": {
          "uv": [
            4,
            0.5,
            4.5,
            0.875
          ],
          "texture": "#0"
        },
        "west": {
          "uv": [
            4,
            0.5,
            4.5,
            0.875
          ],
          "texture": "#0"
        },
        "up": {
          "uv": [
            0.125,
            1.125,
            1.125,
            0.125
          ],
          "texture": "#0"
        },
        "down": {
          "uv": [
            4,
            1.25,
            4.5,
            0.75
          ],
          "texture": "#0"
        }
      }
    },
    {
      "from": [
        7,
        11,
        7
      ],
      "to": [
        9,
        13,
        9
      ],
      "faces": {
        "north": {
          "uv": [
            0.5,
            1.625,
            0.75,
            1.375
          ],
          "texture": "#0"
        },
        "east": {
          "uv": [
            0.5,
            1.625,
            0.75,
            1.375
          ],
          "texture": "#0"
        },
        "south": {
          "uv": [
            0.5,
            1.625,
            0.75,
            1.375
          ],
          "texture": "#0"
        },
        "west": {
          "uv": [
            0.5,
            1.625,
            0.75,
            1.375
          ],
          "texture": "#0"
        },
        "up": {
          "uv": [
            0.125,
            0.125,
            0.25,
            0.25
          ],
          "texture": "#0"
        },
        "down": {
          "uv": [
            0.125,
            0.125,
            0.25,
            0.25
          ],
          "texture": "#0"
        }
      }
    },
    {
      "from": [
        -11,
        10,
        -11
      ],
      "to": [
        27,
        10,
        27
      ],
      "rotation": {
        "angle": 0,
        "axis": "y",
        "origin": [
          8,
          9.5,
          8
        ]
      },
      "faces": {
        "north": {
          "uv": [
            0,
            0.125,
            1.875,
            0
          ],
          "rotation": 180,
          "texture": "#1",
          "tintindex": 0
        },
        "east": {
          "uv": [
            1.875,
            0,
            1.75,
            0.75
          ],
          "rotation": 90,
          "texture": "#1",
          "tintindex": 0
        },
        "south": {
          "uv": [
            0,
            0.125,
            1.875,
            0
          ],
          "texture": "#1",
          "tintindex": 0
        },
        "west": {
          "uv": [
            0,
            0.125,
            0.75,
            0
          ],
          "texture": "#1",
          "tintindex": 0
        },
        "up": {
          "uv": [
            0,
            0,
            8,
            8
          ],
          "rotation": 180,
          "texture": "#1",
          "tintindex": 0
        },
        "down": {
          "uv": [
            0,
            0,
            8,
            8
          ],
          "rotation": 180,
          "texture": "#1",
          "tintindex": 0
        }
      }
    },
    {
      "from": [
        -11,
        10,
        -11
      ],
      "to": [
        27,
        10,
        27
      ],
      "rotation": {
        "angle": 22.5,
        "axis": "y",
        "origin": [
          8,
          9.5,
          8
        ]
      },
      "faces": {
        "north": {
          "uv": [
            0,
            0.125,
            1.875,
            0
          ],
          "rotation": 180,
          "texture": "#1",
          "tintindex": 0
        },
        "east": {
          "uv": [
            1.875,
            0,
            1.75,
            0.75
          ],
          "rotation": 90,
          "texture": "#1",
          "tintindex": 0
        },
        "south": {
          "uv": [
            0,
            0.125,
            1.875,
            0
          ],
          "texture": "#1",
          "tintindex": 0
        },
        "west": {
          "uv": [
            0,
            0.125,
            0.75,
            0
          ],
          "texture": "#1",
          "tintindex": 0
        },
        "up": {
          "uv": [
            8,
            0,
            16,
            8
          ],
          "rotation": 180,
          "texture": "#1",
          "tintindex": 0
        },
        "down": {
          "uv": [
            8,
            0,
            16,
            8
          ],
          "rotation": 180,
          "texture": "#1",
          "tintindex": 0
        }
      }
    },
    {
      "from": [
        -11,
        10,
        -11
      ],
      "to": [
        27,
        10,
        27
      ],
      "rotation": {
        "angle": 45,
        "axis": "y",
        "origin": [
          8,
          9.5,
          8
        ]
      },
      "faces": {
        "north": {
          "uv": [
            0,
            0.125,
            1.875,
            0
          ],
          "rotation": 180,
          "texture": "#1",
          "tintindex": 0
        },
        "east": {
          "uv": [
            1.875,
            0,
            1.75,
            0.75
          ],
          "rotation": 90,
          "texture": "#1",
          "tintindex": 0
        },
        "south": {
          "uv": [
            0,
            0.125,
            1.875,
            0
          ],
          "texture": "#1",
          "tintindex": 0
        },
        "west": {
          "uv": [
            0,
            0.125,
            0.75,
            0
          ],
          "texture": "#1",
          "tintindex": 0
        },
        "up": {
          "uv": [
            0,
            8,
            8,
            16
          ],
          "rotation": 180,
          "texture": "#1",
          "tintindex": 0
        },
        "down": {
          "uv": [
            0,
            8,
            8,
            16
          ],
          "rotation": 180,
          "texture": "#1",
          "tintindex": 0
        }
      }
    },
    {
      "from": [
        -11,
        10,
        -11
      ],
      "to": [
        27,
        10,
        27
      ],
      "rotation": {
        "angle": -22.5,
        "axis": "y",
        "origin": [
          8,
          9.5,
          8
        ]
      },
      "faces": {
        "north": {
          "uv": [
            1.875,
            0,
            1.75,
            0.75
          ],
          "rotation": 90,
          "texture": "#1",
          "tintindex": 0
        },
        "east": {
          "uv": [
            0,
            0.125,
            1.875,
            0
          ],
          "texture": "#1",
          "tintindex": 0
        },
        "south": {
          "uv": [
            0,
            0.125,
            0.75,
            0
          ],
          "texture": "#1",
          "tintindex": 0
        },
        "west": {
          "uv": [
            0,
            0.125,
            1.875,
            0
          ],
          "rotation": 180,
          "texture": "#1",
          "tintindex": 0
        },
        "up": {
          "uv": [
            16,
            8,
            8,
            16
          ],
          "rotation": 90,
          "texture": "#1",
          "tintindex": 0
        },
        "down": {
          "uv": [
            16,
            8,
            8,
            16
          ],
          "rotation": 90,
          "texture": "#1",
          "tintindex": 0
        }
      }
    }
  ],
  "display": {
    "thirdperson_righthand": {
      "rotation": [
        63,
        34,
        0
      ],
      "translation": [
        0,
        1,
        -1
      ],
      "scale": [
        0.28907,
        0.28907,
        0.28907
      ]
    },
    "thirdperson_lefthand": {
      "rotation": [
        63,
        34,
        0
      ],
      "translation": [
        0,
        1,
        -1
      ],
      "scale": [
        0.28907,
        0.28907,
        0.28907
      ]
    },
    "firstperson_righthand": {
      "rotation": [
        -171.25,
        68,
        167
      ],
      "translation": [
        8.5,
        0,
        -5
      ],
      "scale": [
        0.26367,
        0.26367,
        0.26367
      ]
    },
    "firstperson_lefthand": {
      "rotation": [
        -171.25,
        68,
        167
      ],
      "translation": [
        8.5,
        0,
        -5
      ],
      "scale": [
        0.26367,
        0.26367,
        0.26367
      ]
    },
    "ground": {
      "translation": [
        0,
        4.25,
        0
      ],
      "scale": [
        0.28906,
        0.28906,
        0.28906
      ]
    },
    "gui": {
      "rotation": [
        156,
        -22,
        -180
      ],
      "translation": [
        0,
        -0.25,
        0
      ],
      "scale": [
        0.38242,
        0.38242,
        0.38242
      ]
    },
    "head": {
      "translation": [
        0,
        -30.5,
        0
      ],
      "scale": [
        1.6,
        1.6,
        1.58
      ]
    },
    "fixed": {
      "rotation": [
        90,
        0,
        0
      ],
      "translation": [
        0,
        0,
        -16
      ],
      "scale": [
        2,
        2,
        2
      ]
    }
  }
}