{
	"credit": "By Yassou, mail : yassou.pro.mc@gmail.com",
	"texture_size": [64, 64],
	"textures": {
		"0": "decorations:indoor/crates",
		"1": "decorations:indoor/glow_gold_crates",
		"particle": "decorations:indoor/crates"
	},
	"elements": [
		{
			"from": [-2, 2, 2.1],
			"to": [18, 15, 14.1],
			"faces": {
				"north": {"uv": [3, 0, 5.5, 1.625], "texture": "#0"},
				"east": {"uv": [2.5, 5.25, 4, 7.125], "texture": "#0"},
				"south": {"uv": [3, 0, 5.5, 1.625], "texture": "#0"},
				"west": {"uv": [4, 5.25, 5.5, 7.125], "texture": "#0"},
				"up": {"uv": [5.5, 5.25, 3, 3.75], "texture": "#0"},
				"down": {"uv": [2.5, 4, 0, 5.5], "texture": "#0"}
			}
		},
		{
			"from": [-2.5, 0, 1.6],
			"to": [18.5, 2.8, 14.6],
			"rotation": {"angle": 0, "axis": "y", "origin": [-6, 1.4, 1.7]},
			"faces": {
				"north": {"uv": [7.25, 5.875, 9, 6.25], "texture": "#0"},
				"east": {"uv": [0, 7.5, 1.375, 7.875], "texture": "#0"},
				"south": {"uv": [7.25, 5.875, 9, 6.25], "texture": "#0"},
				"west": {"uv": [1.375, 7.5, 2.75, 7.875], "texture": "#0"},
				"up": {"uv": [3, 0, 0, 2], "texture": "#0"},
				"down": {"uv": [3, 0, 0, 2], "texture": "#0"}
			}
		},
		{
			"from": [17.2, 10.3, 2],
			"to": [19.2, 15.3, 14],
			"rotation": {"angle": 22.5, "axis": "z", "origin": [18.5, 12.5, 8]},
			"faces": {
				"north": {"uv": [3.75, 8.375, 4, 9], "texture": "#0"},
				"east": {"uv": [8.75, 4.5, 7.25, 5.125], "texture": "#0"},
				"south": {"uv": [4, 8.375, 3.75, 9], "texture": "#0"},
				"west": {"uv": [8.75, 4.5, 7.25, 5.125], "texture": "#0"},
				"up": {"uv": [7.75, 8.875, 8, 7.375], "texture": "#0"},
				"down": {"uv": [0, 7.875, 0.25, 9.375], "texture": "#0"}
			}
		},
		{
			"from": [-3.2, 10.3, 2],
			"to": [-1.2, 15.3, 14],
			"rotation": {"angle": -22.5, "axis": "z", "origin": [-2.5, 12.5, 8]},
			"faces": {
				"north": {"uv": [4, 8.375, 3.75, 9], "texture": "#0"},
				"east": {"uv": [7.25, 4.5, 8.75, 5.125], "texture": "#0"},
				"south": {"uv": [3.75, 8.375, 4, 9], "texture": "#0"},
				"west": {"uv": [7.25, 4.5, 8.75, 5.125], "texture": "#0"},
				"up": {"uv": [8, 8.875, 7.75, 7.375], "texture": "#0"},
				"down": {"uv": [0.25, 7.875, 0, 9.375], "texture": "#0"}
			}
		},
		{
			"from": [-2.1, 10, -1],
			"to": [18.1, 15, 1],
			"rotation": {"angle": 22.5, "axis": "x", "origin": [8, 7.5, 1.5]},
			"faces": {
				"north": {"uv": [8, 0, 5.5, 0.625], "texture": "#0"},
				"east": {"uv": [4.875, 8.375, 4.625, 9], "texture": "#0"},
				"south": {"uv": [8, 0, 5.5, 0.625], "texture": "#0"},
				"west": {"uv": [4.875, 8.375, 4.625, 9], "texture": "#0"},
				"up": {"uv": [8, 0, 5.5, 0.25], "texture": "#0"},
				"down": {"uv": [9.75, 6.375, 7.25, 6.125], "texture": "#0"}
			}
		},
		{
			"from": [-2.1, 10, 15],
			"to": [18.1, 15, 17],
			"rotation": {"angle": -22.5, "axis": "x", "origin": [8, 7.5, 14.5]},
			"faces": {
				"north": {"uv": [5.5, 0, 8, 0.625], "texture": "#0"},
				"east": {"uv": [4.625, 8.375, 4.875, 9], "texture": "#0"},
				"south": {"uv": [5.5, 0, 8, 0.625], "texture": "#0"},
				"west": {"uv": [4.625, 8.375, 4.875, 9], "texture": "#0"},
				"up": {"uv": [8, 0.25, 5.5, 0], "texture": "#0"},
				"down": {"uv": [9.75, 6.125, 7.25, 6.375], "texture": "#0"}
			}
		},
		{
			"from": [16, 0.1, 1],
			"to": [19, 8.1, 4],
			"faces": {
				"north": {"uv": [1.375, 7.875, 1.75, 8.875], "texture": "#0"},
				"east": {"uv": [1.375, 7.875, 1.75, 8.875], "texture": "#0"},
				"south": {"uv": [1.375, 7.875, 1.75, 8.875], "texture": "#0"},
				"west": {"uv": [1.375, 7.875, 1.75, 8.875], "texture": "#0"},
				"up": {"uv": [6.125, 8.75, 5.75, 8.375], "texture": "#0"},
				"down": {"uv": [6.125, 8.75, 5.75, 8.375], "texture": "#0"}
			}
		},
		{
			"from": [16, 0.1, 12],
			"to": [19, 8.1, 15],
			"faces": {
				"north": {"uv": [1.375, 7.875, 1.75, 8.875], "texture": "#0"},
				"east": {"uv": [1.375, 7.875, 1.75, 8.875], "texture": "#0"},
				"south": {"uv": [1.375, 7.875, 1.75, 8.875], "texture": "#0"},
				"west": {"uv": [1.375, 7.875, 1.75, 8.875], "texture": "#0"},
				"up": {"uv": [6.125, 8.75, 5.75, 8.375], "texture": "#0"},
				"down": {"uv": [6.125, 8.75, 5.75, 8.375], "texture": "#0"}
			}
		},
		{
			"from": [-3, 0.1, 12],
			"to": [0, 8.1, 15],
			"faces": {
				"north": {"uv": [1.375, 7.875, 1.75, 8.875], "texture": "#0"},
				"east": {"uv": [1.375, 7.875, 1.75, 8.875], "texture": "#0"},
				"south": {"uv": [1.375, 7.875, 1.75, 8.875], "texture": "#0"},
				"west": {"uv": [1.375, 7.875, 1.75, 8.875], "texture": "#0"},
				"up": {"uv": [6.125, 8.75, 5.75, 8.375], "texture": "#0"},
				"down": {"uv": [6.125, 8.75, 5.75, 8.375], "texture": "#0"}
			}
		},
		{
			"from": [-3, 0.1, 1],
			"to": [0, 8.1, 4],
			"faces": {
				"north": {"uv": [1.375, 7.875, 1.75, 8.875], "texture": "#0"},
				"east": {"uv": [1.375, 7.875, 1.75, 8.875], "texture": "#0"},
				"south": {"uv": [1.375, 7.875, 1.75, 8.875], "texture": "#0"},
				"west": {"uv": [1.375, 7.875, 1.75, 8.875], "texture": "#0"},
				"up": {"uv": [6.125, 8.75, 5.75, 8.375], "texture": "#0"},
				"down": {"uv": [6.125, 8.75, 5.75, 8.375], "texture": "#0"}
			}
		},
		{
			"from": [15, 5, 11],
			"to": [20, 6, 16],
			"faces": {
				"north": {"uv": [8.125, 8.5, 8.75, 8.625], "texture": "#0"},
				"east": {"uv": [8.125, 8.5, 8.75, 8.625], "texture": "#0"},
				"south": {"uv": [8.125, 8.5, 8.75, 8.625], "texture": "#0"},
				"west": {"uv": [8.125, 8.5, 8.75, 8.625], "texture": "#0"},
				"up": {"uv": [5.25, 8.375, 4.625, 7.75], "texture": "#0"},
				"down": {"uv": [5.25, 8.375, 4.625, 7.75], "texture": "#0"}
			}
		},
		{
			"from": [15, 2, 11],
			"to": [20, 3, 16],
			"faces": {
				"north": {"uv": [8.125, 8.5, 8.75, 8.625], "texture": "#0"},
				"east": {"uv": [8.125, 8.5, 8.75, 8.625], "texture": "#0"},
				"south": {"uv": [8.125, 8.5, 8.75, 8.625], "texture": "#0"},
				"west": {"uv": [8.125, 8.5, 8.75, 8.625], "texture": "#0"},
				"up": {"uv": [5.25, 8.375, 4.625, 7.75], "texture": "#0"},
				"down": {"uv": [5.25, 8.375, 4.625, 7.75], "texture": "#0"}
			}
		},
		{
			"from": [-4, 2, 11],
			"to": [1, 3, 16],
			"faces": {
				"north": {"uv": [8.125, 8.5, 8.75, 8.625], "texture": "#0"},
				"east": {"uv": [8.125, 8.5, 8.75, 8.625], "texture": "#0"},
				"south": {"uv": [8.125, 8.5, 8.75, 8.625], "texture": "#0"},
				"west": {"uv": [8.125, 8.5, 8.75, 8.625], "texture": "#0"},
				"up": {"uv": [5.25, 8.375, 4.625, 7.75], "texture": "#0"},
				"down": {"uv": [5.25, 8.375, 4.625, 7.75], "texture": "#0"}
			}
		},
		{
			"from": [-4, 5, 11],
			"to": [1, 6, 16],
			"faces": {
				"north": {"uv": [8.125, 8.5, 8.75, 8.625], "texture": "#0"},
				"east": {"uv": [8.125, 8.5, 8.75, 8.625], "texture": "#0"},
				"south": {"uv": [8.125, 8.5, 8.75, 8.625], "texture": "#0"},
				"west": {"uv": [8.125, 8.5, 8.75, 8.625], "texture": "#0"},
				"up": {"uv": [5.25, 8.375, 4.625, 7.75], "texture": "#0"},
				"down": {"uv": [5.25, 8.375, 4.625, 7.75], "texture": "#0"}
			}
		},
		{
			"from": [-4, 2, 0],
			"to": [1, 3, 5],
			"faces": {
				"north": {"uv": [8.125, 8.5, 8.75, 8.625], "texture": "#0"},
				"east": {"uv": [8.125, 8.5, 8.75, 8.625], "texture": "#0"},
				"south": {"uv": [8.125, 8.5, 8.75, 8.625], "texture": "#0"},
				"west": {"uv": [8.125, 8.5, 8.75, 8.625], "texture": "#0"},
				"up": {"uv": [5.25, 8.375, 4.625, 7.75], "texture": "#0"},
				"down": {"uv": [5.25, 8.375, 4.625, 7.75], "texture": "#0"}
			}
		},
		{
			"from": [-4, 5, 0],
			"to": [1, 6, 5],
			"faces": {
				"north": {"uv": [8.125, 8.5, 8.75, 8.625], "texture": "#0"},
				"east": {"uv": [8.125, 8.5, 8.75, 8.625], "texture": "#0"},
				"south": {"uv": [8.125, 8.5, 8.75, 8.625], "texture": "#0"},
				"west": {"uv": [8.125, 8.5, 8.75, 8.625], "texture": "#0"},
				"up": {"uv": [5.25, 8.375, 4.625, 7.75], "texture": "#0"},
				"down": {"uv": [5.25, 8.375, 4.625, 7.75], "texture": "#0"}
			}
		},
		{
			"from": [15, 2, 0],
			"to": [20, 3, 5],
			"faces": {
				"north": {"uv": [8.125, 8.5, 8.75, 8.625], "texture": "#0"},
				"east": {"uv": [8.125, 8.5, 8.75, 8.625], "texture": "#0"},
				"south": {"uv": [8.125, 8.5, 8.75, 8.625], "texture": "#0"},
				"west": {"uv": [8.125, 8.5, 8.75, 8.625], "texture": "#0"},
				"up": {"uv": [5.25, 8.375, 4.625, 7.75], "texture": "#0"},
				"down": {"uv": [5.25, 8.375, 4.625, 7.75], "texture": "#0"}
			}
		},
		{
			"from": [15, 5, 0],
			"to": [20, 6, 5],
			"faces": {
				"north": {"uv": [8.125, 8.5, 8.75, 8.625], "texture": "#0"},
				"east": {"uv": [8.125, 8.5, 8.75, 8.625], "texture": "#0"},
				"south": {"uv": [8.125, 8.5, 8.75, 8.625], "texture": "#0"},
				"west": {"uv": [8.125, 8.5, 8.75, 8.625], "texture": "#0"},
				"up": {"uv": [5.25, 8.375, 4.625, 7.75], "texture": "#0"},
				"down": {"uv": [5.25, 8.375, 4.625, 7.75], "texture": "#0"}
			}
		},
		{
			"from": [5.5, 4, 0.1],
			"to": [10.5, 8, 2.1],
			"rotation": {"angle": 0, "axis": "y", "origin": [4.5, 0, 0]},
			"faces": {
				"north": {"uv": [8, 1, 8.625, 1.5], "texture": "#0"},
				"east": {"uv": [7, 8.375, 6.75, 8.875], "texture": "#0"},
				"south": {"uv": [8, 6.875, 8.625, 7.375], "texture": "#0"},
				"west": {"uv": [6.75, 8.375, 7, 8.875], "texture": "#0"},
				"up": {"uv": [4.375, 8.375, 3.75, 8.125], "texture": "#0"},
				"down": {"uv": [2.25, 7.5, 1.625, 7.75], "texture": "#0"}
			}
		},
		{
			"from": [5.5, 3, -1],
			"to": [10.5, 7, 0],
			"shade": false,
			"rotation": {"angle": 0, "axis": "y", "origin": [4.5, 0, 0]},
			"faces": {
				"north": {"uv": [0, 5, 0.625, 5.5], "texture": "#0"},
				"east": {"uv": [0, 5, 0.125, 5.5], "texture": "#0"},
				"south": {"uv": [0, 5, 0.625, 5.5], "texture": "#0"},
				"west": {"uv": [0.5, 5, 0.625, 5.5], "texture": "#0"},
				"up": {"uv": [0, 5, 0.625, 5.125], "texture": "#0"},
				"down": {"uv": [0, 5.375, 0.625, 5.5], "texture": "#0"}
			}
		},
		{
			"from": [6.5, 7, -1],
			"to": [9.5, 9, 0],
			"shade": false,
			"rotation": {"angle": 0, "axis": "y", "origin": [4.5, 0, 0]},
			"faces": {
				"north": {"uv": [0.125, 4.75, 0.5, 5], "texture": "#0"},
				"east": {"uv": [0.125, 4.75, 0.25, 5], "texture": "#0"},
				"south": {"uv": [0.125, 4.75, 0.5, 5], "texture": "#0"},
				"west": {"uv": [0.375, 4.75, 0.5, 5], "texture": "#0"},
				"up": {"uv": [0.5, 4.875, 0.125, 4.75], "texture": "#0"}
			}
		},
		{
			"from": [-3, 11, 1.3],
			"to": [-2, 16, 14.8],
			"rotation": {"angle": 0, "axis": "y", "origin": [4.5, 0, 0]},
			"faces": {
				"north": {"uv": [7, 8.375, 7.125, 9], "texture": "#0"},
				"east": {"uv": [5.5, 5.75, 7.25, 6.375], "texture": "#0"},
				"south": {"uv": [8.125, 8.625, 8.25, 9.25], "texture": "#0"},
				"west": {"uv": [5.5, 5.75, 7.25, 6.375], "texture": "#0"},
				"up": {"uv": [2.875, 9.875, 2.75, 8.125], "texture": "#0"},
				"down": {"uv": [2.875, 9.875, 2.75, 8.125], "texture": "#0"}
			}
		},
		{
			"from": [18, 11, 1.3],
			"to": [19, 16, 14.8],
			"rotation": {"angle": 0, "axis": "y", "origin": [4.5, 0, 0]},
			"faces": {
				"north": {"uv": [7, 8.375, 7.125, 9], "texture": "#0"},
				"east": {"uv": [5.5, 5.75, 7.25, 6.375], "texture": "#0"},
				"south": {"uv": [8.125, 8.625, 8.25, 9.25], "texture": "#0"},
				"west": {"uv": [5.5, 5.75, 7.25, 6.375], "texture": "#0"},
				"up": {"uv": [2.875, 9.875, 2.75, 8.125], "texture": "#0"},
				"down": {"uv": [2.875, 9.875, 2.75, 8.125], "texture": "#0"}
			}
		},
		{
			"from": [3, 11, 1.3],
			"to": [4, 16, 14.8],
			"rotation": {"angle": 0, "axis": "y", "origin": [4.5, 0, 0]},
			"faces": {
				"north": {"uv": [7, 8.375, 7.125, 9], "texture": "#0"},
				"east": {"uv": [5.5, 5.75, 7.25, 6.375], "texture": "#0"},
				"south": {"uv": [8.125, 8.625, 8.25, 9.25], "texture": "#0"},
				"west": {"uv": [5.5, 5.75, 7.25, 6.375], "texture": "#0"},
				"up": {"uv": [2.875, 9.875, 2.75, 8.125], "texture": "#0"},
				"down": {"uv": [2.875, 9.875, 2.75, 8.125], "texture": "#0"}
			}
		},
		{
			"from": [12, 11, 1.3],
			"to": [13, 16, 14.8],
			"rotation": {"angle": 0, "axis": "y", "origin": [4.5, 0, 0]},
			"faces": {
				"north": {"uv": [7, 8.375, 7.125, 9], "texture": "#0"},
				"east": {"uv": [5.5, 5.75, 7.25, 6.375], "texture": "#0"},
				"south": {"uv": [8.125, 8.625, 8.25, 9.25], "texture": "#0"},
				"west": {"uv": [5.5, 5.75, 7.25, 6.375], "texture": "#0"},
				"up": {"uv": [2.875, 9.875, 2.75, 8.125], "texture": "#0"},
				"down": {"uv": [2.875, 9.875, 2.75, 8.125], "texture": "#0"}
			}
		},
		{
			"from": [-4, 8, 0],
			"to": [20, 11, 16],
			"faces": {
				"north": {"uv": [5.5, 2.25, 8.5, 2.625], "texture": "#0"},
				"east": {"uv": [7.25, 5.125, 9.25, 5.5], "texture": "#0"},
				"south": {"uv": [5.5, 2.25, 8.5, 2.625], "texture": "#0"},
				"west": {"uv": [7.25, 5.125, 9.25, 5.5], "texture": "#0"},
				"up": {"uv": [3, 2, 0, 0], "texture": "#0"},
				"down": {"uv": [3, 2, 0, 0], "texture": "#0"}
			}
		},
		{
			"from": [-5, 9, -1],
			"to": [21, 17, 17],
			"faces": {
				"north": {"uv": [0, 0, 13, 3.5], "texture": "#1"},
				"east": {"uv": [0, 4, 9, 8], "texture": "#1"},
				"south": {"uv": [0, 0, 13, 3.5], "texture": "#1"},
				"west": {"uv": [0, 4, 9, 8], "texture": "#1"}
			}
		},
		{
			"name": "cube inverted",
			"from": [21, 17, 17],
			"to": [-5, 9, -1],
			"faces": {
				"north": {"uv": [0, 3.5, 13, 0], "texture": "#1"},
				"east": {"uv": [0, 8, 9, 4], "texture": "#1"},
				"south": {"uv": [0, 3.5, 13, 0], "texture": "#1"},
				"west": {"uv": [0, 8, 9, 4], "texture": "#1"}
			}
		},
		{
			"name": "cube inverted",
			"from": [9.5, 9, 0],
			"to": [6.5, 7, -1],
			"shade": false,
			"rotation": {"angle": 0, "axis": "y", "origin": [4.5, 0, 0]},
			"faces": {
				"north": {"uv": [0.125, 5, 0.5, 4.75], "texture": "#0"},
				"east": {"uv": [0.375, 5, 0.5, 4.75], "texture": "#0"},
				"south": {"uv": [0.125, 5, 0.5, 4.75], "texture": "#0"},
				"west": {"uv": [0.125, 5, 0.25, 4.75], "texture": "#0"},
				"down": {"uv": [0.125, 4.875, 0.5, 4.75], "texture": "#0"}
			}
		}
	],
	"display": {
		"thirdperson_righthand": {
			"translation": [0, 1.75, 0],
			"scale": [0.21875, 0.21875, 0.21875]
		},
		"thirdperson_lefthand": {
			"translation": [0, 1.75, 0],
			"scale": [0.21875, 0.21875, 0.21875]
		},
		"firstperson_righthand": {
			"translation": [2, 1.75, 0],
			"scale": [0.21875, 0.21875, 0.21875]
		},
		"firstperson_lefthand": {
			"translation": [2, 1.75, 0],
			"scale": [0.21875, 0.21875, 0.21875]
		},
		"ground": {
			"scale": [0.40039, 0.40039, 0.40039]
		},
		"gui": {
			"rotation": [22.75, -30.5, 0],
			"scale": [0.49609, 0.49609, 0.49609]
		},
		"head": {
			"translation": [0, -30.35, 0],
			"scale": [1.6, 1.6, 1.6]
		},
		"fixed": {
			"rotation": [-89, 0, 0],
			"translation": [0, 0, -13],
			"scale": [1.6, 1.6, 1.6]
		}
	}
}