{
  "credit": "Made with Blockbench",
  "texture_size": [
    128,
    128
  ],
  "textures": {
    "1": "decorations:indoor/indoor_1"
  },
  "elements": [
    {
      "from": [
        -16,
        14,
        0
      ],
      "to": [
        16,
        16,
        16
      ],
      "rotation": {
        "angle": 0,
        "axis": "y",
        "origin": [
          16,
          77,
          0
        ]
      },
      "faces": {
        "north": {
          "uv": [
            12,
            4.125,
            16,
            4.375
          ],
          "texture": "#1",
          "tintindex": 0
        },
        "east": {
          "uv": [
            15.875,
            4.5,
            13.875,
            4.75
          ],
          "texture": "#1",
          "tintindex": 0
        },
        "south": {
          "uv": [
            12,
            4.125,
            16,
            4.375
          ],
          "texture": "#1",
          "tintindex": 0
        },
        "west": {
          "uv": [
            15.875,
            4.5,
            13.875,
            4.75
          ],
          "texture": "#1",
          "tintindex": 0
        },
        "up": {
          "uv": [
            12,
            0,
            16,
            2
          ],
          "rotation": 180,
          "texture": "#1",
          "tintindex": 0
        },
        "down": {
          "uv": [
            12,
            2,
            16,
            4
          ],
          "texture": "#1",
          "tintindex": 0
        }
      }
    },
    {
      "from": [
        -15,
        2,
        1
      ],
      "to": [
        15,
        4,
        15
      ],
      "rotation": {
        "angle": 0,
        "axis": "y",
        "origin": [
          16,
          77,
          0
        ]
      },
      "faces": {
        "north": {
          "uv": [
            12.125,
            4.125,
            15.875,
            4.375
          ],
          "texture": "#1",
          "tintindex": 0
        },
        "east": {
          "uv": [
            13.75,
            4.5,
            12,
            4.75
          ],
          "texture": "#1",
          "tintindex": 0
        },
        "south": {
          "uv": [
            12.125,
            4.125,
            15.875,
            4.375
          ],
          "texture": "#1",
          "tintindex": 0
        },
        "west": {
          "uv": [
            13.75,
            4.5,
            12,
            4.75
          ],
          "texture": "#1",
          "tintindex": 0
        },
        "up": {
          "uv": [
            12,
            2,
            16,
            4
          ],
          "rotation": 180,
          "texture": "#1",
          "tintindex": 0
        },
        "down": {
          "uv": [
            12.1375,
            0.125,
            15.8875,
            1.875
          ],
          "rotation": 180,
          "texture": "#1",
          "tintindex": 0
        }
      }
    },
    {
      "from": [
        13,
        0,
        1
      ],
      "to": [
        15,
        2,
        3
      ],
      "rotation": {
        "angle": 0,
        "axis": "y",
        "origin": [
          16,
          77,
          0
        ]
      },
      "faces": {
        "north": {
          "uv": [
            12,
            4.5,
            12.25,
            4.75
          ],
          "texture": "#1",
          "tintindex": 0
        },
        "east": {
          "uv": [
            12,
            4.5,
            12.25,
            4.75
          ],
          "texture": "#1",
          "tintindex": 0
        },
        "south": {
          "uv": [
            12,
            4.5,
            12.25,
            4.75
          ],
          "texture": "#1",
          "tintindex": 0
        },
        "west": {
          "uv": [
            12,
            4.5,
            12.25,
            4.75
          ],
          "texture": "#1",
          "tintindex": 0
        },
        "up": {
          "uv": [
            12,
            4.5,
            12.25,
            4.75
          ],
          "texture": "#1",
          "tintindex": 0
        },
        "down": {
          "uv": [
            12,
            4.5,
            12.25,
            4.75
          ],
          "texture": "#1",
          "tintindex": 0
        }
      }
    },
    {
      "from": [
        13,
        0,
        13
      ],
      "to": [
        15,
        2,
        15
      ],
      "rotation": {
        "angle": 0,
        "axis": "y",
        "origin": [
          16,
          77,
          0
        ]
      },
      "faces": {
        "north": {
          "uv": [
            12,
            4.5,
            12.25,
            4.75
          ],
          "texture": "#1",
          "tintindex": 0
        },
        "east": {
          "uv": [
            12,
            4.5,
            12.25,
            4.75
          ],
          "texture": "#1",
          "tintindex": 0
        },
        "south": {
          "uv": [
            12,
            4.5,
            12.25,
            4.75
          ],
          "texture": "#1",
          "tintindex": 0
        },
        "west": {
          "uv": [
            12,
            4.5,
            12.25,
            4.75
          ],
          "texture": "#1",
          "tintindex": 0
        },
        "up": {
          "uv": [
            12,
            4.5,
            12.25,
            4.75
          ],
          "texture": "#1",
          "tintindex": 0
        },
        "down": {
          "uv": [
            12,
            4.5,
            12.25,
            4.75
          ],
          "texture": "#1",
          "tintindex": 0
        }
      }
    },
    {
      "from": [
        -15,
        0,
        13
      ],
      "to": [
        -13,
        2,
        15
      ],
      "rotation": {
        "angle": 0,
        "axis": "y",
        "origin": [
          16,
          77,
          0
        ]
      },
      "faces": {
        "north": {
          "uv": [
            12,
            4.5,
            12.25,
            4.75
          ],
          "texture": "#1",
          "tintindex": 0
        },
        "east": {
          "uv": [
            12,
            4.5,
            12.25,
            4.75
          ],
          "texture": "#1",
          "tintindex": 0
        },
        "south": {
          "uv": [
            12,
            4.5,
            12.25,
            4.75
          ],
          "texture": "#1",
          "tintindex": 0
        },
        "west": {
          "uv": [
            12,
            4.5,
            12.25,
            4.75
          ],
          "texture": "#1",
          "tintindex": 0
        },
        "up": {
          "uv": [
            12,
            4.5,
            12.25,
            4.75
          ],
          "texture": "#1",
          "tintindex": 0
        },
        "down": {
          "uv": [
            12,
            4.5,
            12.25,
            4.75
          ],
          "texture": "#1",
          "tintindex": 0
        }
      }
    },
    {
      "from": [
        -15,
        0,
        1
      ],
      "to": [
        -13,
        2,
        3
      ],
      "rotation": {
        "angle": 0,
        "axis": "y",
        "origin": [
          16,
          77,
          0
        ]
      },
      "faces": {
        "north": {
          "uv": [
            12,
            4.5,
            12.25,
            4.75
          ],
          "texture": "#1",
          "tintindex": 0
        },
        "east": {
          "uv": [
            12,
            4.5,
            12.25,
            4.75
          ],
          "texture": "#1",
          "tintindex": 0
        },
        "south": {
          "uv": [
            12,
            4.5,
            12.25,
            4.75
          ],
          "texture": "#1",
          "tintindex": 0
        },
        "west": {
          "uv": [
            12,
            4.5,
            12.25,
            4.75
          ],
          "texture": "#1",
          "tintindex": 0
        },
        "up": {
          "uv": [
            12,
            4.5,
            12.25,
            4.75
          ],
          "texture": "#1",
          "tintindex": 0
        },
        "down": {
          "uv": [
            12,
            4.5,
            12.25,
            4.75
          ],
          "texture": "#1",
          "tintindex": 0
        }
      }
    },
    {
      "from": [
        13,
        4,
        1
      ],
      "to": [
        15,
        14,
        15
      ],
      "rotation": {
        "angle": 0,
        "axis": "y",
        "origin": [
          16,
          77,
          0
        ]
      },
      "faces": {
        "north": {
          "uv": [
            11.625,
            4.625,
            11.875,
            5.875
          ],
          "texture": "#1",
          "tintindex": 0
        },
        "east": {
          "uv": [
            9.75,
            4.625,
            11.5,
            5.875
          ],
          "texture": "#1",
          "tintindex": 0
        },
        "south": {
          "uv": [
            11.625,
            4.625,
            11.875,
            5.875
          ],
          "texture": "#1",
          "tintindex": 0
        },
        "west": {
          "uv": [
            9.75,
            4.625,
            11.5,
            5.875
          ],
          "texture": "#1",
          "tintindex": 0
        },
        "up": {
          "uv": [
            12,
            0,
            16,
            2
          ],
          "rotation": 180,
          "texture": "#1",
          "tintindex": 0
        },
        "down": {
          "uv": [
            12,
            0,
            16,
            2
          ],
          "texture": "#1",
          "tintindex": 0
        }
      }
    },
    {
      "from": [
        -13,
        4,
        1
      ],
      "to": [
        13,
        14,
        15
      ],
      "rotation": {
        "angle": 0,
        "axis": "y",
        "origin": [
          16,
          77,
          0
        ]
      },
      "faces": {
        "north": {
          "uv": [
            8.5,
            1.875,
            11.75,
            3.125
          ],
          "texture": "#1",
          "tintindex": 0
        },
        "east": {
          "uv": [
            7.125,
            8.25,
            8.875,
            9.5
          ],
          "texture": "#1",
          "tintindex": 0
        },
        "south": {
          "uv": [
            8.5,
            3.125,
            11.75,
            4.375
          ],
          "texture": "#1",
          "tintindex": 0
        },
        "west": {
          "uv": [
            7.125,
            8.25,
            8.875,
            9.5
          ],
          "texture": "#1",
          "tintindex": 0
        },
        "up": {
          "uv": [
            12,
            2,
            16,
            4
          ],
          "rotation": 180,
          "texture": "#1",
          "tintindex": 0
        },
        "down": {
          "uv": [
            12,
            2,
            16,
            4
          ],
          "texture": "#1",
          "tintindex": 0
        }
      }
    },
    {
      "from": [
        3,
        7,
        0.75
      ],
      "to": [
        4,
        10,
        0.75
      ],
      "rotation": {
        "angle": 0,
        "axis": "y",
        "origin": [
          16,
          77,
          0
        ]
      },
      "faces": {
        "north": {
          "uv": [
            3.875,
            3.5,
            4,
            3.875
          ],
          "texture": "#1"
        },
        "east": {
          "uv": [
            5.75,
            5.625,
            7.5,
            6.875
          ],
          "texture": "#1"
        },
        "south": {
          "uv": [
            3.875,
            3.5,
            4,
            3.875
          ],
          "texture": "#1"
        },
        "west": {
          "uv": [
            5.75,
            5.625,
            7.5,
            6.875
          ],
          "texture": "#1"
        },
        "up": {
          "uv": [
            0,
            7.875,
            4,
            9.875
          ],
          "rotation": 180,
          "texture": "#1"
        },
        "down": {
          "uv": [
            0,
            5.875,
            4,
            7.875
          ],
          "texture": "#1"
        }
      }
    },
    {
      "from": [
        -4,
        7,
        0.75
      ],
      "to": [
        -3,
        10,
        0.75
      ],
      "rotation": {
        "angle": 0,
        "axis": "y",
        "origin": [
          16,
          77,
          0
        ]
      },
      "faces": {
        "north": {
          "uv": [
            3.875,
            3.5,
            4,
            3.875
          ],
          "texture": "#1"
        },
        "east": {
          "uv": [
            5.75,
            5.625,
            7.5,
            6.875
          ],
          "texture": "#1"
        },
        "south": {
          "uv": [
            3.875,
            3.5,
            4,
            3.875
          ],
          "texture": "#1"
        },
        "west": {
          "uv": [
            5.75,
            5.625,
            7.5,
            6.875
          ],
          "texture": "#1"
        },
        "up": {
          "uv": [
            0,
            7.875,
            4,
            9.875
          ],
          "rotation": 180,
          "texture": "#1"
        },
        "down": {
          "uv": [
            0,
            5.875,
            4,
            7.875
          ],
          "texture": "#1"
        }
      }
    },
    {
      "from": [
        -15,
        4,
        1
      ],
      "to": [
        -13,
        14,
        15
      ],
      "rotation": {
        "angle": 0,
        "axis": "y",
        "origin": [
          16,
          77,
          0
        ]
      },
      "faces": {
        "north": {
          "uv": [
            11.875,
            4.625,
            11.625,
            5.875
          ],
          "texture": "#1",
          "tintindex": 0
        },
        "east": {
          "uv": [
            11.5,
            4.625,
            9.75,
            5.875
          ],
          "texture": "#1",
          "tintindex": 0
        },
        "south": {
          "uv": [
            11.875,
            4.625,
            11.625,
            5.875
          ],
          "texture": "#1",
          "tintindex": 0
        },
        "west": {
          "uv": [
            11.5,
            4.625,
            9.75,
            5.875
          ],
          "texture": "#1",
          "tintindex": 0
        },
        "up": {
          "uv": [
            12,
            0,
            16,
            2
          ],
          "rotation": 180,
          "texture": "#1",
          "tintindex": 0
        },
        "down": {
          "uv": [
            12,
            0,
            16,
            2
          ],
          "texture": "#1",
          "tintindex": 0
        }
      }
    }
  ],
  "gui_light": "front",
  "display": {
    "thirdperson_righthand": {
      "rotation": [
        63,
        34,
        0
      ],
      "translation": [
        0.75,
        1,
        -1
      ],
      "scale": [
        0.22657,
        0.22657,
        0.22657
      ]
    },
    "thirdperson_lefthand": {
      "rotation": [
        63,
        34,
        0
      ],
      "translation": [
        -2.25,
        0,
        -1
      ],
      "scale": [
        0.22657,
        0.22657,
        0.22657
      ]
    },
    "firstperson_righthand": {
      "rotation": [
        3,
        112,
        -13
      ],
      "translation": [
        5.75,
        -0.5,
        -5.5
      ],
      "scale": [
        0.20508,
        0.20508,
        0.20508
      ]
    },
    "firstperson_lefthand": {
      "rotation": [
        3,
        112,
        -13
      ],
      "translation": [
        9.75,
        -0.5,
        -4.75
      ],
      "scale": [
        0.20508,
        0.20508,
        0.20508
      ]
    },
    "ground": {
      "translation": [
        1.5,
        4.25,
        0
      ],
      "scale": [
        0.19922,
        0.19922,
        0.19922
      ]
    },
    "gui": {
      "rotation": [
        30,
        -158,
        0
      ],
      "translation": [
        -2.75,
        -0.25,
        0
      ],
      "scale": [
        0.38828,
        0.38828,
        0.38828
      ]
    },
    "head": {
      "translation": [
        0,
        -30.5,
        0
      ],
      "scale": [
        1.6,
        1.6,
        1.6
      ]
    },
    "fixed": {
      "rotation": [
        -90,
        0,
        0
      ],
      "translation": [
        0,
        0,
        -16
      ],
      "scale": [
        2,
        2,
        2
      ]
    }
  },
  "groups": [
    {
      "name": "group",
      "origin": [
        16,
        16,
        0
      ],
      "color": 0,
      "nbt": "{}",
      "children": [
        0,
        1,
        2,
        3,
        4,
        5,
        6,
        7,
        8,
        9,
        10
      ]
    }
  ]
}