{
	"credit": "Made with Blockbench",
	"texture_size": [128, 128],
	"textures": {
		"0": "decorations:seashore/seashore_props",
		"particle": "decorations:seashore/seashore_props"
	},
	"elements": [
		{
			"name": "octagon",
			"from": [0, 0, 14.5],
			"to": [16, 16, 14.5],
			"rotation": {"angle": 0, "axis": "y", "origin": [8, 8, 14.5]},
			"faces": {
				"north": {"uv": [0, 0, 2, 2], "texture": "#0"},
				"east": {"uv": [0, 0, 0, 2], "texture": "#0"},
				"south": {"uv": [0, 0, 2, 2], "texture": "#0"},
				"west": {"uv": [0, 0, 0, 2], "texture": "#0"},
				"up": {"uv": [2, 0, 0, 0], "texture": "#0"},
				"down": {"uv": [2, 0, 0, 0], "texture": "#0"}
			}
		},
		{
			"from": [1, 1, 13],
			"to": [15, 4, 16],
			"faces": {
				"north": {"uv": [2, 0, 3.75, 0.375], "texture": "#0", "tintindex": 0},
				"east": {"uv": [2.75, 1.875, 3.125, 2.25], "texture": "#0", "tintindex": 0},
				"south": {"uv": [2, 0, 3.75, 0.375], "texture": "#0", "tintindex": 0},
				"west": {"uv": [2.75, 1.875, 3.125, 2.25], "texture": "#0", "tintindex": 0},
				"up": {"uv": [3.75, 1.125, 2, 0.75], "texture": "#0", "tintindex": 0},
				"down": {"uv": [3.75, 1.125, 2, 1.5], "texture": "#0", "tintindex": 0}
			}
		},
		{
			"from": [1, 12, 13],
			"to": [15, 15, 16],
			"rotation": {"angle": 0, "axis": "y", "origin": [0, 16, 0]},
			"faces": {
				"north": {"uv": [2, 0.375, 3.75, 0], "texture": "#0", "tintindex": 0},
				"east": {"uv": [2.75, 2.25, 3.125, 1.875], "texture": "#0", "tintindex": 0},
				"south": {"uv": [2, 0.375, 3.75, 0], "texture": "#0", "tintindex": 0},
				"west": {"uv": [2.75, 2.25, 3.125, 1.875], "texture": "#0", "tintindex": 0},
				"up": {"uv": [3.75, 1.5, 2, 1.125], "texture": "#0", "tintindex": 0},
				"down": {"uv": [3.75, 0.75, 2, 1.125], "texture": "#0", "tintindex": 0}
			}
		},
		{
			"from": [1, 4, 13],
			"to": [4, 12, 16],
			"faces": {
				"north": {"uv": [2, 1.5, 2.375, 2.5], "texture": "#0", "tintindex": 0},
				"east": {"uv": [2.375, 1.5, 2.75, 2.5], "texture": "#0", "tintindex": 0},
				"south": {"uv": [2.375, 1.5, 2, 2.5], "texture": "#0", "tintindex": 0},
				"west": {"uv": [2.375, 2.5, 2.75, 3.5], "texture": "#0", "tintindex": 0},
				"up": {"uv": [3.125, 2.625, 2.75, 2.25], "texture": "#0", "tintindex": 0},
				"down": {"uv": [3.125, 2.25, 2.75, 2.625], "texture": "#0", "tintindex": 0}
			}
		},
		{
			"from": [12, 4, 13],
			"to": [15, 12, 16],
			"rotation": {"angle": 0, "axis": "y", "origin": [16, 0, 0]},
			"faces": {
				"north": {"uv": [2.375, 1.5, 2, 2.5], "texture": "#0", "tintindex": 0},
				"east": {"uv": [2.75, 2.5, 2.375, 3.5], "texture": "#0", "tintindex": 0},
				"south": {"uv": [2, 1.5, 2.375, 2.5], "texture": "#0", "tintindex": 0},
				"west": {"uv": [2.75, 1.5, 2.375, 2.5], "texture": "#0", "tintindex": 0},
				"up": {"uv": [2.75, 2.625, 3.125, 2.25], "texture": "#0", "tintindex": 0},
				"down": {"uv": [2.75, 2.25, 3.125, 2.625], "texture": "#0", "tintindex": 0}
			}
		},
		{
			"from": [0.9, 6, 12.9],
			"to": [4.1, 7, 16.1],
			"faces": {
				"north": {"uv": [0, 2.125, 0.375, 2.25], "texture": "#0"},
				"east": {"uv": [0, 2.375, 0.375, 2.5], "texture": "#0"},
				"south": {"uv": [0.375, 2.125, 0, 2.25], "texture": "#0"},
				"west": {"uv": [0, 2.25, 0.375, 2.375], "texture": "#0"},
				"up": {"uv": [0, 2, 0.15, 2.125], "texture": "#0"},
				"down": {"uv": [0, 2, 0.15, 2.125], "texture": "#0"}
			}
		},
		{
			"from": [0.9, 9, 12.9],
			"to": [4.1, 10, 16.1],
			"faces": {
				"north": {"uv": [0, 2.125, 0.375, 2.25], "texture": "#0"},
				"east": {"uv": [0, 2.375, 0.375, 2.5], "texture": "#0"},
				"south": {"uv": [0.375, 2.125, 0, 2.25], "texture": "#0"},
				"west": {"uv": [0, 2.25, 0.375, 2.375], "texture": "#0"},
				"up": {"uv": [0, 2, 0.15, 2.125], "texture": "#0"},
				"down": {"uv": [0, 2, 0.15, 2.125], "texture": "#0"}
			}
		},
		{
			"from": [6, 11.9, 12.9],
			"to": [7, 15.1, 16.1],
			"rotation": {"angle": 0, "axis": "z", "origin": [5.5, 13.5, 14.5]},
			"faces": {
				"north": {"uv": [0, 2.125, 0.375, 2.25], "rotation": 270, "texture": "#0"},
				"east": {"uv": [0, 2, 0.15, 2.125], "rotation": 90, "texture": "#0"},
				"south": {"uv": [0.375, 2.125, 0, 2.25], "rotation": 90, "texture": "#0"},
				"west": {"uv": [0, 2, 0.15, 2.125], "rotation": 90, "texture": "#0"},
				"up": {"uv": [0, 2.25, 0.375, 2.375], "rotation": 90, "texture": "#0"},
				"down": {"uv": [0, 2.375, 0.375, 2.5], "rotation": 90, "texture": "#0"}
			}
		},
		{
			"from": [9, 11.9, 12.9],
			"to": [10, 15.1, 16.1],
			"rotation": {"angle": 0, "axis": "z", "origin": [5.5, 13.5, 14.5]},
			"faces": {
				"north": {"uv": [0, 2.125, 0.375, 2.25], "rotation": 270, "texture": "#0"},
				"east": {"uv": [0, 2, 0.15, 2.125], "rotation": 90, "texture": "#0"},
				"south": {"uv": [0.375, 2.125, 0, 2.25], "rotation": 90, "texture": "#0"},
				"west": {"uv": [0, 2, 0.15, 2.125], "rotation": 90, "texture": "#0"},
				"up": {"uv": [0, 2.25, 0.375, 2.375], "rotation": 90, "texture": "#0"},
				"down": {"uv": [0, 2.375, 0.375, 2.5], "rotation": 90, "texture": "#0"}
			}
		},
		{
			"from": [9, 0.9, 12.9],
			"to": [10, 4.1, 16.1],
			"rotation": {"angle": 0, "axis": "z", "origin": [5.5, 2.5, 14.5]},
			"faces": {
				"north": {"uv": [0.375, 2.125, 0, 2.25], "rotation": 270, "texture": "#0"},
				"east": {"uv": [0.15, 2, 0, 2.125], "rotation": 90, "texture": "#0"},
				"south": {"uv": [0, 2.125, 0.375, 2.25], "rotation": 90, "texture": "#0"},
				"west": {"uv": [0.15, 2, 0, 2.125], "rotation": 90, "texture": "#0"},
				"up": {"uv": [0.375, 2.375, 0, 2.5], "rotation": 90, "texture": "#0"},
				"down": {"uv": [0.375, 2.25, 0, 2.375], "rotation": 90, "texture": "#0"}
			}
		},
		{
			"from": [6, 0.9, 12.9],
			"to": [7, 4.1, 16.1],
			"rotation": {"angle": 0, "axis": "z", "origin": [5.5, 2.5, 14.5]},
			"faces": {
				"north": {"uv": [0.375, 2.125, 0, 2.25], "rotation": 270, "texture": "#0"},
				"east": {"uv": [0.15, 2, 0, 2.125], "rotation": 90, "texture": "#0"},
				"south": {"uv": [0, 2.125, 0.375, 2.25], "rotation": 90, "texture": "#0"},
				"west": {"uv": [0.15, 2, 0, 2.125], "rotation": 90, "texture": "#0"},
				"up": {"uv": [0.375, 2.375, 0, 2.5], "rotation": 90, "texture": "#0"},
				"down": {"uv": [0.375, 2.25, 0, 2.375], "rotation": 90, "texture": "#0"}
			}
		},
		{
			"from": [11.9, 9, 12.9],
			"to": [15.1, 10, 16.1],
			"rotation": {"angle": 0, "axis": "y", "origin": [16, 0, 0]},
			"faces": {
				"north": {"uv": [0.375, 2.125, 0, 2.25], "texture": "#0"},
				"east": {"uv": [0.375, 2.25, 0, 2.375], "texture": "#0"},
				"south": {"uv": [0, 2.125, 0.375, 2.25], "texture": "#0"},
				"west": {"uv": [0.375, 2.375, 0, 2.5], "texture": "#0"},
				"up": {"uv": [0.15, 2, 0, 2.125], "texture": "#0"},
				"down": {"uv": [0.15, 2, 0, 2.125], "texture": "#0"}
			}
		},
		{
			"from": [11.9, 6, 12.9],
			"to": [15.1, 7, 16.1],
			"rotation": {"angle": 0, "axis": "y", "origin": [16, 0, 0]},
			"faces": {
				"north": {"uv": [0.375, 2.125, 0, 2.25], "texture": "#0"},
				"east": {"uv": [0.375, 2.25, 0, 2.375], "texture": "#0"},
				"south": {"uv": [0, 2.125, 0.375, 2.25], "texture": "#0"},
				"west": {"uv": [0.375, 2.375, 0, 2.5], "texture": "#0"},
				"up": {"uv": [0.15, 2, 0, 2.125], "texture": "#0"},
				"down": {"uv": [0.15, 2, 0, 2.125], "texture": "#0"}
			}
		},
		{
			"name": "cube inverted",
			"from": [4.1, 7, 16.1],
			"to": [0.9, 6, 12.9],
			"faces": {
				"north": {"uv": [0.375, 2.25, 0, 2.125], "texture": "#0"},
				"east": {"uv": [0, 2.375, 0.375, 2.25], "texture": "#0"},
				"south": {"uv": [0, 2.25, 0.375, 2.125], "texture": "#0"},
				"west": {"uv": [0, 2.5, 0.375, 2.375], "texture": "#0"},
				"up": {"uv": [0.15, 2, 0, 2.125], "texture": "#0"},
				"down": {"uv": [0.15, 2, 0, 2.125], "texture": "#0"}
			}
		},
		{
			"name": "cube inverted",
			"from": [4.1, 10, 16.1],
			"to": [0.9, 9, 12.9],
			"faces": {
				"north": {"uv": [0.375, 2.25, 0, 2.125], "texture": "#0"},
				"east": {"uv": [0, 2.375, 0.375, 2.25], "texture": "#0"},
				"south": {"uv": [0, 2.25, 0.375, 2.125], "texture": "#0"},
				"west": {"uv": [0, 2.5, 0.375, 2.375], "texture": "#0"},
				"up": {"uv": [0.15, 2, 0, 2.125], "texture": "#0"},
				"down": {"uv": [0.15, 2, 0, 2.125], "texture": "#0"}
			}
		},
		{
			"name": "cube inverted",
			"from": [7, 15.1, 16.1],
			"to": [6, 11.9, 12.9],
			"rotation": {"angle": 0, "axis": "z", "origin": [5.5, 13.5, 14.5]},
			"faces": {
				"north": {"uv": [0, 2.125, 0.375, 2.25], "rotation": 90, "texture": "#0"},
				"east": {"uv": [0.15, 2, 0, 2.125], "rotation": 90, "texture": "#0"},
				"south": {"uv": [0.375, 2.125, 0, 2.25], "rotation": 270, "texture": "#0"},
				"west": {"uv": [0.15, 2, 0, 2.125], "rotation": 90, "texture": "#0"},
				"up": {"uv": [0, 2.5, 0.375, 2.375], "rotation": 90, "texture": "#0"},
				"down": {"uv": [0, 2.375, 0.375, 2.25], "rotation": 90, "texture": "#0"}
			}
		},
		{
			"name": "cube inverted",
			"from": [10, 15.1, 16.1],
			"to": [9, 11.9, 12.9],
			"rotation": {"angle": 0, "axis": "z", "origin": [5.5, 13.5, 14.5]},
			"faces": {
				"north": {"uv": [0, 2.125, 0.375, 2.25], "rotation": 90, "texture": "#0"},
				"east": {"uv": [0.15, 2, 0, 2.125], "rotation": 90, "texture": "#0"},
				"south": {"uv": [0.375, 2.125, 0, 2.25], "rotation": 270, "texture": "#0"},
				"west": {"uv": [0.15, 2, 0, 2.125], "rotation": 90, "texture": "#0"},
				"up": {"uv": [0, 2.5, 0.375, 2.375], "rotation": 90, "texture": "#0"},
				"down": {"uv": [0, 2.375, 0.375, 2.25], "rotation": 90, "texture": "#0"}
			}
		},
		{
			"name": "cube inverted",
			"from": [10, 4.1, 16.1],
			"to": [9, 0.9, 12.9],
			"rotation": {"angle": 0, "axis": "z", "origin": [5.5, 2.5, 14.5]},
			"faces": {
				"north": {"uv": [0.375, 2.125, 0, 2.25], "rotation": 90, "texture": "#0"},
				"east": {"uv": [0, 2, 0.15, 2.125], "rotation": 90, "texture": "#0"},
				"south": {"uv": [0, 2.125, 0.375, 2.25], "rotation": 270, "texture": "#0"},
				"west": {"uv": [0, 2, 0.15, 2.125], "rotation": 90, "texture": "#0"},
				"up": {"uv": [0.375, 2.375, 0, 2.25], "rotation": 90, "texture": "#0"},
				"down": {"uv": [0.375, 2.5, 0, 2.375], "rotation": 90, "texture": "#0"}
			}
		},
		{
			"name": "cube inverted",
			"from": [7, 4.1, 16.1],
			"to": [6, 0.9, 12.9],
			"rotation": {"angle": 0, "axis": "z", "origin": [5.5, 2.5, 14.5]},
			"faces": {
				"north": {"uv": [0.375, 2.125, 0, 2.25], "rotation": 90, "texture": "#0"},
				"east": {"uv": [0, 2, 0.15, 2.125], "rotation": 90, "texture": "#0"},
				"south": {"uv": [0, 2.125, 0.375, 2.25], "rotation": 270, "texture": "#0"},
				"west": {"uv": [0, 2, 0.15, 2.125], "rotation": 90, "texture": "#0"},
				"up": {"uv": [0.375, 2.375, 0, 2.25], "rotation": 90, "texture": "#0"},
				"down": {"uv": [0.375, 2.5, 0, 2.375], "rotation": 90, "texture": "#0"}
			}
		},
		{
			"name": "cube inverted",
			"from": [15.1, 10, 16.1],
			"to": [11.9, 9, 12.9],
			"rotation": {"angle": 0, "axis": "y", "origin": [16, 0, 0]},
			"faces": {
				"north": {"uv": [0, 2.25, 0.375, 2.125], "texture": "#0"},
				"east": {"uv": [0.375, 2.5, 0, 2.375], "texture": "#0"},
				"south": {"uv": [0.375, 2.25, 0, 2.125], "texture": "#0"},
				"west": {"uv": [0.375, 2.375, 0, 2.25], "texture": "#0"},
				"up": {"uv": [0, 2, 0.15, 2.125], "texture": "#0"},
				"down": {"uv": [0, 2, 0.15, 2.125], "texture": "#0"}
			}
		},
		{
			"name": "cube inverted",
			"from": [15.1, 7, 16.1],
			"to": [11.9, 6, 12.9],
			"rotation": {"angle": 0, "axis": "y", "origin": [16, 0, 0]},
			"faces": {
				"north": {"uv": [0, 2.25, 0.375, 2.125], "texture": "#0"},
				"east": {"uv": [0.375, 2.5, 0, 2.375], "texture": "#0"},
				"south": {"uv": [0.375, 2.25, 0, 2.125], "texture": "#0"},
				"west": {"uv": [0.375, 2.375, 0, 2.25], "texture": "#0"},
				"up": {"uv": [0, 2, 0.15, 2.125], "texture": "#0"},
				"down": {"uv": [0, 2, 0.15, 2.125], "texture": "#0"}
			}
		}
	],
	"display": {
		"thirdperson_righthand": {
			"rotation": [63, 34, 0],
			"translation": [0, 4.75, 2],
			"scale": [0.48829, 0.48829, 0.48829]
		},
		"thirdperson_lefthand": {
			"rotation": [63, 34, 0],
			"translation": [0, 4.75, 2],
			"scale": [0.48829, 0.48829, 0.48829]
		},
		"firstperson_righthand": {
			"rotation": [3, 112, -13],
			"translation": [8, 2.75, -6],
			"scale": [0.45313, 0.45313, 0.45313]
		},
		"firstperson_lefthand": {
			"rotation": [3, 112, -13],
			"translation": [8, 2.75, -6],
			"scale": [0.45313, 0.45313, 0.45313]
		},
		"ground": {
			"translation": [0, 5.5, -2.5],
			"scale": [0.39648, 0.39648, 0.39648]
		},
		"gui": {
			"rotation": [30, -158, 0],
			"translation": [1.75, -2.5, 0],
			"scale": [0.83359, 0.83359, 0.83359]
		},
		"head": {
			"translation": [0, -23.984, 0],
			"scale": [1.6, 1.6, 1.6]
		},
		"fixed": {
			"translation": [0, -0.25, -16.1],
			"scale": [2, 2, 2]
		}
	}
}