{
	"credit": "Made with Blockbench",
	"texture_size": [128, 128],
	"textures": {
		"0": "decorations:construction/construction",
		"particle": "decorations:construction/construction"
	},
	"elements": [
		{
			"from": [5, 2, 5],
			"to": [11, 3, 11],
			"rotation": {"angle": 0, "axis": "y", "origin": [9, 18, 8]},
			"faces": {
				"north": {"uv": [7.625, 2, 8.375, 2.125], "texture": "#0"},
				"east": {"uv": [7.625, 2, 8.375, 2.125], "texture": "#0"},
				"south": {"uv": [7.625, 2, 8.375, 2.125], "texture": "#0"},
				"west": {"uv": [7.625, 2, 8.375, 2.125], "texture": "#0"},
				"up": {"uv": [7.625, 1.375, 8.375, 2.125], "texture": "#0"},
				"down": {"uv": [7.625, 1.375, 8.375, 2.125], "texture": "#0"}
			}
		},
		{
			"from": [4, 0, 4],
			"to": [12, 2, 12],
			"rotation": {"angle": 0, "axis": "y", "origin": [9, 18, 8]},
			"faces": {
				"north": {"uv": [7.5, 2.25, 8.5, 2.5], "texture": "#0"},
				"east": {"uv": [7.5, 2.25, 8.5, 2.5], "texture": "#0"},
				"south": {"uv": [7.5, 2.25, 8.5, 2.5], "texture": "#0"},
				"west": {"uv": [7.5, 2.25, 8.5, 2.5], "texture": "#0"},
				"up": {"uv": [7.5, 1.3125, 8.5, 2.3125], "texture": "#0"},
				"down": {"uv": [7.5, 0.125, 8.5, 1.125], "texture": "#0"}
			}
		},
		{
			"from": [6.5, 2, 6.5],
			"to": [9.5, 18, 9.5],
			"rotation": {"angle": 0, "axis": "y", "origin": [8.5, 24, 7.5]},
			"faces": {
				"north": {"uv": [6.5, 0.75, 6.875, 2.75], "texture": "#0"},
				"east": {"uv": [6.5, 0.75, 6.875, 2.75], "texture": "#0"},
				"south": {"uv": [6.5, 0.75, 6.875, 2.75], "texture": "#0"},
				"west": {"uv": [6.5, 0.75, 6.875, 2.75], "texture": "#0"},
				"up": {"uv": [7, 0.75, 7.375, 1.125], "texture": "#0"},
				"down": {"uv": [7, 0.75, 7.375, 1.125], "texture": "#0"}
			}
		},
		{
			"from": [6.5, 18, 8],
			"to": [9.5, 20, 8],
			"rotation": {"angle": 0, "axis": "x", "origin": [8, 34, 8]},
			"faces": {
				"north": {"uv": [7, 1.25, 7.375, 1.5], "texture": "#0"},
				"east": {"uv": [0, 0, 0.125, 0.125], "texture": "#missing"},
				"south": {"uv": [7, 1.25, 7.375, 1.5], "texture": "#0"},
				"west": {"uv": [0, 0, 0.125, 0.125], "texture": "#missing"},
				"up": {"uv": [0, 0, 0.125, 0.125], "texture": "#missing"},
				"down": {"uv": [0, 0, 0.125, 0.125], "texture": "#missing"}
			}
		}
	],
	"gui_light": "front",
	"display": {
		"thirdperson_righthand": {
			"rotation": [63, 34, 0],
			"translation": [0, 1, -1],
			"scale": [0.37891, 0.37891, 0.37891]
		},
		"thirdperson_lefthand": {
			"rotation": [63, 34, 0],
			"translation": [0, 1, -1],
			"scale": [0.37891, 0.37891, 0.37891]
		},
		"firstperson_righthand": {
			"rotation": [3, 112, -13],
			"translation": [9.5, 0, -5.75],
			"scale": [0.35547, 0.35547, 0.35547]
		},
		"firstperson_lefthand": {
			"rotation": [3, 112, -13],
			"translation": [9.5, 0, -5.75],
			"scale": [0.35547, 0.35547, 0.35547]
		},
		"ground": {
			"translation": [0, 4.25, 0],
			"scale": [0.28906, 0.28906, 0.28906]
		},
		"gui": {
			"rotation": [-1, -152, -19],
			"translation": [-0.25, -0.5, 0],
			"scale": [0.68711, 0.68711, 0.68711]
		},
		"head": {
			"translation": [0, -30.5, 0],
			"scale": [1.6, 1.6, 1.6]
		},
		"fixed": {
			"rotation": [-90, 0, 0],
			"translation": [0, 0.25, -16],
			"scale": [3, 2, 3]
		}
	}
}