{
  "credit": "Made with Blockbench",
  "texture_size": [
    128,
    128
  ],
  "textures": {
    "0": "decorations:construction/construction",
    "particle": "decorations:construction/construction"
  },
  "elements": [
    {
      "from": [
        2,
        -0.02,
        2
      ],
      "to": [
        14,
        1.98,
        14
      ],
      "rotation": {
        "angle": 0,
        "axis": "y",
        "origin": [
          0.02,
          0,
          0.02
        ]
      },
      "faces": {
        "north": {
          "uv": [
            0,
            5.375,
            1.5,
            5.625
          ],
          "texture": "#0"
        },
        "east": {
          "uv": [
            0,
            5.375,
            1.5,
            5.625
          ],
          "texture": "#0"
        },
        "south": {
          "uv": [
            0,
            5.375,
            1.5,
            5.625
          ],
          "texture": "#0"
        },
        "west": {
          "uv": [
            0,
            5.375,
            1.5,
            5.625
          ],
          "texture": "#0"
        },
        "up": {
          "uv": [
            2,
            3.875,
            3.5,
            5.375
          ],
          "texture": "#0"
        },
        "down": {
          "uv": [
            0,
            3.875,
            1.5,
            5.375
          ],
          "texture": "#0"
        }
      }
    },
    {
      "from": [
        5,
        1.98,
        5
      ],
      "to": [
        11,
        7.98,
        11
      ],
      "rotation": {
        "angle": 0,
        "axis": "y",
        "origin": [
          0.02,
          0,
          0.02
        ]
      },
      "faces": {
        "north": {
          "uv": [
            3.625,
            4.5,
            4.375,
            5.25
          ],
          "texture": "#0"
        },
        "east": {
          "uv": [
            3.625,
            4.5,
            4.375,
            5.25
          ],
          "texture": "#0"
        },
        "south": {
          "uv": [
            3.625,
            4.5,
            4.375,
            5.25
          ],
          "texture": "#0"
        },
        "west": {
          "uv": [
            3.625,
            4.5,
            4.375,
            5.25
          ],
          "texture": "#0"
        },
        "up": {
          "uv": [
            2.5,
            5.375,
            3.25,
            6.125
          ],
          "texture": "#0"
        },
        "down": {
          "uv": [
            0,
            3.875,
            1.5,
            5.375
          ],
          "texture": "#0"
        }
      }
    },
    {
      "from": [
        6,
        7.98,
        6
      ],
      "to": [
        10,
        13.98,
        10
      ],
      "rotation": {
        "angle": 0,
        "axis": "y",
        "origin": [
          0.02,
          0,
          0.02
        ]
      },
      "faces": {
        "north": {
          "uv": [
            3.75,
            5.375,
            4.25,
            6.125
          ],
          "texture": "#0"
        },
        "east": {
          "uv": [
            3.75,
            5.375,
            4.25,
            6.125
          ],
          "texture": "#0"
        },
        "south": {
          "uv": [
            3.75,
            5.375,
            4.25,
            6.125
          ],
          "texture": "#0"
        },
        "west": {
          "uv": [
            3.75,
            5.375,
            4.25,
            6.125
          ],
          "texture": "#0"
        },
        "up": {
          "uv": [
            3.625,
            3.875,
            4.125,
            4.375
          ],
          "texture": "#0"
        },
        "down": {
          "uv": [
            0,
            3.875,
            1.5,
            5.375
          ],
          "texture": "#0"
        }
      }
    }
  ],
  "gui_light": "front",
  "display": {
    "thirdperson_righthand": {
      "rotation": [
        63,
        34,
        0
      ],
      "translation": [
        0,
        1,
        -1
      ],
      "scale": [
        0.37891,
        0.37891,
        0.37891
      ]
    },
    "thirdperson_lefthand": {
      "rotation": [
        63,
        34,
        0
      ],
      "translation": [
        0,
        1,
        -1
      ],
      "scale": [
        0.37891,
        0.37891,
        0.37891
      ]
    },
    "firstperson_righthand": {
      "rotation": [
        3,
        112,
        -13
      ],
      "translation": [
        9.5,
        0,
        -5.75
      ],
      "scale": [
        0.35547,
        0.35547,
        0.35547
      ]
    },
    "firstperson_lefthand": {
      "rotation": [
        3,
        112,
        -13
      ],
      "translation": [
        9.5,
        0,
        -5.75
      ],
      "scale": [
        0.35547,
        0.35547,
        0.35547
      ]
    },
    "ground": {
      "translation": [
        0,
        4.25,
        0
      ],
      "scale": [
        0.28906,
        0.28906,
        0.28906
      ]
    },
    "gui": {
      "rotation": [
        30,
        -158,
        0
      ],
      "translation": [
        0,
        1.75,
        0
      ],
      "scale": [
        0.7789,
        0.7789,
        0.7789
      ]
    },
    "head": {
      "translation": [
        0,
        -30.5,
        0
      ],
      "scale": [
        1.6,
        1.6,
        1.6
      ]
    },
    "fixed": {
      "rotation": [
        -90,
        0,
        0
      ],
      "translation": [
        0,
        0,
        -16.85
      ],
      "scale": [
        2,
        2,
        2
      ]
    }
  }
}