{
  "credit": "Made with Blockbench",
  "texture_size": [
    128,
    128
  ],
  "textures": {
    "4": "decorations:construction/construction"
  },
  "elements": [
    {
      "from": [
        -13,
        0,
        4
      ],
      "to": [
        -1,
        4,
        16
      ],
      "rotation": {
        "angle": 0,
        "axis": "y",
        "origin": [
          24.5,
          6,
          16.5
        ]
      },
      "faces": {
        "north": {
          "uv": [
            2,
            3.875,
            3.5,
            4.375
          ],
          "texture": "#4"
        },
        "east": {
          "uv": [
            2,
            3.875,
            3.5,
            4.375
          ],
          "texture": "#4"
        },
        "south": {
          "uv": [
            2,
            3.875,
            3.5,
            4.375
          ],
          "texture": "#4"
        },
        "west": {
          "uv": [
            2,
            3.875,
            3.5,
            4.375
          ],
          "texture": "#4"
        },
        "up": {
          "uv": [
            3.5,
            5.375,
            2,
            3.875
          ],
          "texture": "#4"
        },
        "down": {
          "uv": [
            1.5,
            3.875,
            0,
            5.375
          ],
          "texture": "#4"
        }
      }
    },
    {
      "from": [
        -11,
        4,
        6
      ],
      "to": [
        -3,
        10,
        14
      ],
      "rotation": {
        "angle": 0,
        "axis": "y",
        "origin": [
          24.5,
          6,
          16.5
        ]
      },
      "faces": {
        "north": {
          "uv": [
            3.625,
            4.5,
            4.375,
            5.25
          ],
          "texture": "#4"
        },
        "east": {
          "uv": [
            3.625,
            4.5,
            4.375,
            5.25
          ],
          "texture": "#4"
        },
        "south": {
          "uv": [
            3.625,
            4.5,
            4.375,
            5.25
          ],
          "texture": "#4"
        },
        "west": {
          "uv": [
            3.625,
            4.5,
            4.375,
            5.25
          ],
          "texture": "#4"
        },
        "up": {
          "uv": [
            3.25,
            6.125,
            2.5,
            5.375
          ],
          "texture": "#4"
        },
        "down": {
          "uv": [
            3.25,
            6.125,
            2.5,
            5.375
          ],
          "texture": "#4"
        }
      }
    },
    {
      "from": [
        -9,
        10,
        8
      ],
      "to": [
        -5,
        16,
        12
      ],
      "rotation": {
        "angle": 0,
        "axis": "y",
        "origin": [
          24.5,
          6,
          16.5
        ]
      },
      "faces": {
        "north": {
          "uv": [
            3.75,
            5.375,
            4.25,
            6.125
          ],
          "texture": "#4"
        },
        "east": {
          "uv": [
            3.75,
            5.375,
            4.25,
            6.125
          ],
          "texture": "#4"
        },
        "south": {
          "uv": [
            3.75,
            5.375,
            4.25,
            6.125
          ],
          "texture": "#4"
        },
        "west": {
          "uv": [
            3.75,
            5.375,
            4.25,
            6.125
          ],
          "texture": "#4"
        },
        "up": {
          "uv": [
            3.625,
            3.875,
            4.125,
            4.375
          ],
          "texture": "#4"
        },
        "down": {
          "uv": [
            3.625,
            3.875,
            4.125,
            4.375
          ],
          "texture": "#4"
        }
      }
    },
    {
      "from": [
        4.4,
        2,
        2
      ],
      "to": [
        5.4,
        18,
        6
      ],
      "rotation": {
        "angle": 22.5,
        "axis": "z",
        "origin": [
          3.5,
          10,
          4
        ]
      },
      "faces": {
        "north": {
          "uv": [
            3.75,
            2.625,
            5.75,
            2.75
          ],
          "rotation": 90,
          "texture": "#4"
        },
        "east": {
          "uv": [
            3.75,
            2.5,
            5.75,
            3
          ],
          "rotation": 90,
          "texture": "#4"
        },
        "south": {
          "uv": [
            3.75,
            2.625,
            5.75,
            2.75
          ],
          "rotation": 90,
          "texture": "#4"
        },
        "west": {
          "uv": [
            3.75,
            2.5,
            5.75,
            3
          ],
          "rotation": 90,
          "texture": "#4"
        },
        "up": {
          "uv": [
            5.75,
            2.5,
            5.625,
            3
          ],
          "texture": "#4"
        },
        "down": {
          "uv": [
            3.875,
            3,
            3.75,
            2.5
          ],
          "texture": "#4"
        }
      }
    },
    {
      "from": [
        6.4,
        2,
        2
      ],
      "to": [
        7.4,
        18,
        6
      ],
      "rotation": {
        "angle": 22.5,
        "axis": "z",
        "origin": [
          3.5,
          10,
          4
        ]
      },
      "faces": {
        "north": {
          "uv": [
            3.75,
            2.625,
            5.75,
            2.75
          ],
          "rotation": 90,
          "texture": "#4"
        },
        "east": {
          "uv": [
            3.75,
            2.5,
            5.75,
            3
          ],
          "rotation": 90,
          "texture": "#4"
        },
        "south": {
          "uv": [
            3.75,
            2.625,
            5.75,
            2.75
          ],
          "rotation": 90,
          "texture": "#4"
        },
        "west": {
          "uv": [
            3.75,
            2.5,
            5.75,
            3
          ],
          "rotation": 90,
          "texture": "#4"
        },
        "up": {
          "uv": [
            5.75,
            2.5,
            5.625,
            3
          ],
          "texture": "#4"
        },
        "down": {
          "uv": [
            3.875,
            3,
            3.75,
            2.5
          ],
          "texture": "#4"
        }
      }
    },
    {
      "from": [
        5.4,
        2,
        11
      ],
      "to": [
        6.4,
        18,
        15
      ],
      "rotation": {
        "angle": 22.5,
        "axis": "z",
        "origin": [
          3.5,
          10,
          4
        ]
      },
      "faces": {
        "north": {
          "uv": [
            3.75,
            2.625,
            5.75,
            2.75
          ],
          "rotation": 90,
          "texture": "#4"
        },
        "east": {
          "uv": [
            3.75,
            2.5,
            5.75,
            3
          ],
          "rotation": 90,
          "texture": "#4"
        },
        "south": {
          "uv": [
            3.75,
            2.625,
            5.75,
            2.75
          ],
          "rotation": 90,
          "texture": "#4"
        },
        "west": {
          "uv": [
            3.75,
            2.5,
            5.75,
            3
          ],
          "rotation": 90,
          "texture": "#4"
        },
        "up": {
          "uv": [
            5.75,
            2.5,
            5.625,
            3
          ],
          "texture": "#4"
        },
        "down": {
          "uv": [
            3.875,
            3,
            3.75,
            2.5
          ],
          "texture": "#4"
        }
      }
    },
    {
      "from": [
        5.4,
        2,
        5
      ],
      "to": [
        6.4,
        18,
        9
      ],
      "rotation": {
        "angle": 22.5,
        "axis": "z",
        "origin": [
          3.5,
          10,
          4
        ]
      },
      "faces": {
        "north": {
          "uv": [
            3.75,
            2.625,
            5.75,
            2.75
          ],
          "rotation": 90,
          "texture": "#4"
        },
        "east": {
          "uv": [
            3.75,
            2.5,
            5.75,
            3
          ],
          "rotation": 90,
          "texture": "#4"
        },
        "south": {
          "uv": [
            3.75,
            2.625,
            5.75,
            2.75
          ],
          "rotation": 90,
          "texture": "#4"
        },
        "west": {
          "uv": [
            3.75,
            2.5,
            5.75,
            3
          ],
          "rotation": 90,
          "texture": "#4"
        },
        "up": {
          "uv": [
            5.75,
            2.5,
            5.625,
            3
          ],
          "texture": "#4"
        },
        "down": {
          "uv": [
            3.875,
            3,
            3.75,
            2.5
          ],
          "texture": "#4"
        }
      }
    },
    {
      "from": [
        4.4,
        2,
        7
      ],
      "to": [
        5.4,
        18,
        11
      ],
      "rotation": {
        "angle": 22.5,
        "axis": "z",
        "origin": [
          3.5,
          10,
          4
        ]
      },
      "faces": {
        "north": {
          "uv": [
            3.75,
            2.625,
            5.75,
            2.75
          ],
          "rotation": 90,
          "texture": "#4"
        },
        "east": {
          "uv": [
            3.75,
            2.5,
            5.75,
            3
          ],
          "rotation": 90,
          "texture": "#4"
        },
        "south": {
          "uv": [
            3.75,
            2.625,
            5.75,
            2.75
          ],
          "rotation": 90,
          "texture": "#4"
        },
        "west": {
          "uv": [
            3.75,
            2.5,
            5.75,
            3
          ],
          "rotation": 90,
          "texture": "#4"
        },
        "up": {
          "uv": [
            5.75,
            2.5,
            5.625,
            3
          ],
          "texture": "#4"
        },
        "down": {
          "uv": [
            3.875,
            3,
            3.75,
            2.5
          ],
          "texture": "#4"
        }
      }
    },
    {
      "from": [
        -7.32715,
        0,
        -14.23969
      ],
      "to": [
        -3.32715,
        1,
        1.76031
      ],
      "rotation": {
        "angle": 0,
        "axis": "y",
        "origin": [
          -5.47814,
          0.95211,
          6.1194
        ]
      },
      "faces": {
        "north": {
          "uv": [
            3.875,
            2.5,
            3.75,
            3
          ],
          "rotation": 90,
          "texture": "#4"
        },
        "east": {
          "uv": [
            3.75,
            2.625,
            5.75,
            2.75
          ],
          "texture": "#4"
        },
        "south": {
          "uv": [
            5.625,
            3,
            5.75,
            2.5
          ],
          "rotation": 90,
          "texture": "#4"
        },
        "west": {
          "uv": [
            3.75,
            2.625,
            5.75,
            2.75
          ],
          "texture": "#4"
        },
        "up": {
          "uv": [
            5.75,
            3,
            3.75,
            2.5
          ],
          "rotation": 90,
          "texture": "#4"
        },
        "down": {
          "uv": [
            5.75,
            3,
            3.75,
            2.5
          ],
          "rotation": 90,
          "texture": "#4"
        }
      }
    },
    {
      "from": [
        -7.32715,
        1,
        -14.23969
      ],
      "to": [
        -3.32715,
        2,
        1.76031
      ],
      "rotation": {
        "angle": -45,
        "axis": "y",
        "origin": [
          -5.32715,
          1.5,
          -6.23969
        ]
      },
      "faces": {
        "north": {
          "uv": [
            3.875,
            2.5,
            3.75,
            3
          ],
          "rotation": 90,
          "texture": "#4"
        },
        "east": {
          "uv": [
            3.75,
            2.625,
            5.75,
            2.75
          ],
          "texture": "#4"
        },
        "south": {
          "uv": [
            5.625,
            3,
            5.75,
            2.5
          ],
          "rotation": 90,
          "texture": "#4"
        },
        "west": {
          "uv": [
            3.75,
            2.625,
            5.75,
            2.75
          ],
          "texture": "#4"
        },
        "up": {
          "uv": [
            5.75,
            3,
            3.75,
            2.5
          ],
          "rotation": 90,
          "texture": "#4"
        },
        "down": {
          "uv": [
            5.75,
            3,
            3.75,
            2.5
          ],
          "rotation": 90,
          "texture": "#4"
        }
      }
    },
    {
      "from": [
        8.67285,
        0,
        -9.23969
      ],
      "to": [
        24.67285,
        1,
        -5.23969
      ],
      "rotation": {
        "angle": -22.5,
        "axis": "y",
        "origin": [
          10.67285,
          0.5,
          -7.23969
        ]
      },
      "faces": {
        "north": {
          "uv": [
            3.75,
            2.625,
            5.75,
            2.75
          ],
          "texture": "#4"
        },
        "east": {
          "uv": [
            3.75,
            3,
            3.875,
            2.5
          ],
          "rotation": 90,
          "texture": "#4"
        },
        "south": {
          "uv": [
            3.75,
            2.625,
            5.75,
            2.75
          ],
          "texture": "#4"
        },
        "west": {
          "uv": [
            5.625,
            2.5,
            5.75,
            3
          ],
          "rotation": 90,
          "texture": "#4"
        },
        "up": {
          "uv": [
            5.75,
            3,
            3.75,
            2.5
          ],
          "texture": "#4"
        },
        "down": {
          "uv": [
            5.75,
            3,
            3.75,
            2.5
          ],
          "texture": "#4"
        }
      }
    },
    {
      "from": [
        18.35269,
        0,
        6.01594
      ],
      "to": [
        20.35269,
        12,
        18.01594
      ],
      "rotation": {
        "angle": 22.5,
        "axis": "z",
        "origin": [
          19.35269,
          6,
          9.01594
        ]
      },
      "faces": {
        "north": {
          "uv": [
            5.5,
            0.5,
            5.75,
            2.25
          ],
          "texture": "#4"
        },
        "east": {
          "uv": [
            4,
            2.125,
            5.5,
            0.625
          ],
          "rotation": 90,
          "texture": "#4"
        },
        "south": {
          "uv": [
            3.75,
            2.25,
            4,
            0.5
          ],
          "texture": "#4"
        },
        "west": {
          "uv": [
            4,
            0.625,
            5.5,
            2.125
          ],
          "rotation": 90,
          "texture": "#4"
        },
        "up": {
          "uv": [
            5.625,
            0.625,
            3.875,
            0.375
          ],
          "rotation": 90,
          "texture": "#4"
        },
        "down": {
          "uv": [
            5.625,
            2.125,
            3.875,
            2.375
          ],
          "rotation": 90,
          "texture": "#4"
        }
      }
    },
    {
      "from": [
        0,
        0,
        0
      ],
      "to": [
        16,
        16,
        16
      ],
      "rotation": {
        "angle": 0,
        "axis": "y",
        "origin": [
          2.6,
          -4,
          22
        ]
      },
      "faces": {
        "north": {
          "uv": [
            3.75,
            0.375,
            5.75,
            2.375
          ],
          "texture": "#4"
        },
        "east": {
          "uv": [
            3.75,
            0.375,
            5.75,
            2.375
          ],
          "texture": "#4"
        },
        "south": {
          "uv": [
            3.75,
            0.375,
            5.75,
            2.375
          ],
          "texture": "#4"
        },
        "west": {
          "uv": [
            3.75,
            0.375,
            5.75,
            2.375
          ],
          "texture": "#4"
        },
        "up": {
          "uv": [
            4.5,
            3.125,
            6.5,
            5.125
          ],
          "texture": "#4"
        },
        "down": {
          "uv": [
            3.75,
            0.375,
            5.75,
            2.375
          ],
          "texture": "#4"
        }
      }
    },
    {
      "name": "cube inverted",
      "from": [
        16,
        16,
        16
      ],
      "to": [
        0,
        0,
        0
      ],
      "rotation": {
        "angle": 0,
        "axis": "y",
        "origin": [
          2.6,
          -4,
          22
        ]
      },
      "faces": {
        "north": {
          "uv": [
            6.625,
            5.125,
            8.625,
            3.125
          ],
          "texture": "#4"
        },
        "east": {
          "uv": [
            6.625,
            5.125,
            8.625,
            3.125
          ],
          "texture": "#4"
        },
        "south": {
          "uv": [
            6.625,
            5.125,
            8.625,
            3.125
          ],
          "texture": "#4"
        },
        "west": {
          "uv": [
            6.625,
            5.125,
            8.625,
            3.125
          ],
          "texture": "#4"
        },
        "up": {
          "uv": [
            6.625,
            5.125,
            8.625,
            3.125
          ],
          "texture": "#4"
        },
        "down": {
          "uv": [
            6.625,
            5.125,
            8.625,
            3.125
          ],
          "texture": "#4"
        }
      }
    }
  ],
  "display": {
    "thirdperson_righthand": {
      "rotation": [
        60,
        -160,
        0
      ],
      "translation": [
        0,
        1.75,
        0.25
      ],
      "scale": [
        0.35586,
        0.35586,
        0.35586
      ]
    },
    "thirdperson_lefthand": {
      "rotation": [
        60,
        -160,
        0
      ],
      "translation": [
        0,
        0.75,
        0.25
      ],
      "scale": [
        0.35586,
        0.35586,
        0.35586
      ]
    },
    "firstperson_righthand": {
      "rotation": [
        0,
        -73,
        6
      ],
      "translation": [
        3.25,
        0.5,
        0
      ],
      "scale": [
        0.19492,
        0.19492,
        0.19492
      ]
    },
    "firstperson_lefthand": {
      "rotation": [
        0,
        -73,
        6
      ],
      "translation": [
        3.25,
        0.5,
        0
      ],
      "scale": [
        0.19492,
        0.19492,
        0.19492
      ]
    },
    "ground": {
      "translation": [
        0,
        1.5,
        0
      ],
      "scale": [
        0.35,
        0.35,
        0.35
      ]
    },
    "gui": {
      "rotation": [
        30,
        -40,
        0
      ],
      "translation": [
        0.5,
        -0.25,
        0
      ],
      "scale": [
        0.40508,
        0.40508,
        0.40508
      ]
    },
    "head": {
      "translation": [
        0,
        -30.4,
        0
      ],
      "scale": [
        1.6,
        1.6,
        1.6
      ]
    },
    "fixed": {
      "rotation": [
        -90,
        -180,
        0
      ],
      "translation": [
        0,
        0,
        -16.1
      ],
      "scale": [
        2,
        2,
        2
      ]
    }
  }
}