{
  "credit": "Made with Blockbench",
  "texture_size": [
    128,
    128
  ],
  "textures": {
    "0": "decorations:construction/construction",
    "particle": "decorations:construction/construction"
  },
  "elements": [
    {
      "from": [
        -9.58134,
        2,
        3.10476
      ],
      "to": [
        25.41866,
        4,
        10.10476
      ],
      "rotation": {
        "angle": 22.5,
        "axis": "y",
        "origin": [
          5.91866,
          1.5,
          6.60476
        ]
      },
      "faces": {
        "north": {
          "uv": [
            9,
            1.875,
            13.375,
            2.125
          ],
          "texture": "#0"
        },
        "east": {
          "uv": [
            9.875,
            2.125,
            9,
            2.375
          ],
          "texture": "#0"
        },
        "south": {
          "uv": [
            9,
            1.875,
            13.375,
            2.125
          ],
          "texture": "#0"
        },
        "west": {
          "uv": [
            9,
            2.125,
            9.875,
            2.375
          ],
          "texture": "#0"
        },
        "up": {
          "uv": [
            9,
            1,
            13.375,
            1.875
          ],
          "texture": "#0"
        },
        "down": {
          "uv": [
            9,
            1,
            13.375,
            1.875
          ],
          "rotation": 180,
          "texture": "#0"
        }
      }
    },
    {
      "from": [
        -9.58134,
        2,
        11.10476
      ],
      "to": [
        25.41866,
        4,
        18.10476
      ],
      "rotation": {
        "angle": 22.5,
        "axis": "y",
        "origin": [
          5.91866,
          1.5,
          6.60476
        ]
      },
      "faces": {
        "north": {
          "uv": [
            9,
            1.875,
            13.375,
            2.125
          ],
          "texture": "#0"
        },
        "east": {
          "uv": [
            9.875,
            2.125,
            9,
            2.375
          ],
          "texture": "#0"
        },
        "south": {
          "uv": [
            9,
            1.875,
            13.375,
            2.125
          ],
          "texture": "#0"
        },
        "west": {
          "uv": [
            9,
            2.125,
            9.875,
            2.375
          ],
          "texture": "#0"
        },
        "up": {
          "uv": [
            9,
            1,
            13.375,
            1.875
          ],
          "texture": "#0"
        },
        "down": {
          "uv": [
            9,
            1,
            13.375,
            1.875
          ],
          "rotation": 180,
          "texture": "#0"
        }
      }
    },
    {
      "from": [
        -9.58134,
        4,
        8.10476
      ],
      "to": [
        25.41866,
        6,
        15.10476
      ],
      "rotation": {
        "angle": 22.5,
        "axis": "y",
        "origin": [
          5.91866,
          1.5,
          6.60476
        ]
      },
      "faces": {
        "north": {
          "uv": [
            9,
            1.875,
            13.375,
            2.125
          ],
          "texture": "#0"
        },
        "east": {
          "uv": [
            9.875,
            2.125,
            9,
            2.375
          ],
          "texture": "#0"
        },
        "south": {
          "uv": [
            9,
            1.875,
            13.375,
            2.125
          ],
          "texture": "#0"
        },
        "west": {
          "uv": [
            9,
            2.125,
            9.875,
            2.375
          ],
          "texture": "#0"
        },
        "up": {
          "uv": [
            9,
            1,
            13.375,
            1.875
          ],
          "texture": "#0"
        },
        "down": {
          "uv": [
            9,
            1,
            13.375,
            1.875
          ],
          "rotation": 180,
          "texture": "#0"
        }
      }
    },
    {
      "from": [
        -8.81597,
        0,
        -0.04748
      ],
      "to": [
        26.18403,
        2,
        6.95252
      ],
      "rotation": {
        "angle": 0,
        "axis": "y",
        "origin": [
          6.68403,
          1,
          4.45252
        ]
      },
      "faces": {
        "north": {
          "uv": [
            9,
            1.875,
            13.375,
            2.125
          ],
          "texture": "#0"
        },
        "east": {
          "uv": [
            9.875,
            2.125,
            9,
            2.375
          ],
          "texture": "#0"
        },
        "south": {
          "uv": [
            9,
            1.875,
            13.375,
            2.125
          ],
          "texture": "#0"
        },
        "west": {
          "uv": [
            9,
            2.125,
            9.875,
            2.375
          ],
          "texture": "#0"
        },
        "up": {
          "uv": [
            9,
            1,
            13.375,
            1.875
          ],
          "texture": "#0"
        },
        "down": {
          "uv": [
            9,
            1,
            13.375,
            1.875
          ],
          "rotation": 180,
          "texture": "#0"
        }
      }
    },
    {
      "from": [
        -10.81597,
        0,
        7.95252
      ],
      "to": [
        24.18403,
        2,
        14.95252
      ],
      "rotation": {
        "angle": 0,
        "axis": "y",
        "origin": [
          6.68403,
          1,
          11.45252
        ]
      },
      "faces": {
        "north": {
          "uv": [
            9,
            1.875,
            13.375,
            2.125
          ],
          "texture": "#0"
        },
        "east": {
          "uv": [
            9.875,
            2.125,
            9,
            2.375
          ],
          "texture": "#0"
        },
        "south": {
          "uv": [
            9,
            1.875,
            13.375,
            2.125
          ],
          "texture": "#0"
        },
        "west": {
          "uv": [
            9,
            2.125,
            9.875,
            2.375
          ],
          "texture": "#0"
        },
        "up": {
          "uv": [
            9,
            1,
            13.375,
            1.875
          ],
          "texture": "#0"
        },
        "down": {
          "uv": [
            9,
            1,
            13.375,
            1.875
          ],
          "rotation": 180,
          "texture": "#0"
        }
      }
    }
  ],
  "display": {
    "thirdperson_righthand": {
      "rotation": [
        63,
        34,
        0
      ],
      "translation": [
        0,
        1,
        -1
      ],
      "scale": [
        0.37891,
        0.37891,
        0.37891
      ]
    },
    "thirdperson_lefthand": {
      "rotation": [
        63,
        34,
        0
      ],
      "translation": [
        0,
        1,
        -1
      ],
      "scale": [
        0.37891,
        0.37891,
        0.37891
      ]
    },
    "firstperson_righthand": {
      "rotation": [
        3,
        112,
        -13
      ],
      "translation": [
        9.5,
        0,
        -5.75
      ],
      "scale": [
        0.35547,
        0.35547,
        0.35547
      ]
    },
    "firstperson_lefthand": {
      "rotation": [
        3,
        112,
        -13
      ],
      "translation": [
        9.5,
        0,
        -5.75
      ],
      "scale": [
        0.35547,
        0.35547,
        0.35547
      ]
    },
    "ground": {
      "translation": [
        0,
        4.25,
        0
      ],
      "scale": [
        0.28906,
        0.28906,
        0.28906
      ]
    },
    "gui": {
      "rotation": [
        30,
        -158,
        0
      ],
      "translation": [
        -0.25,
        -0.25,
        0
      ],
      "scale": [
        0.56992,
        0.56992,
        0.56992
      ]
    },
    "head": {
      "translation": [
        0,
        -30.25,
        0
      ],
      "scale": [
        1.6,
        1.6,
        1.6
      ]
    },
    "fixed": {
      "rotation": [
        -90,
        0,
        0
      ],
      "translation": [
        0,
        0,
        -16.1
      ],
      "scale": [
        2,
        2,
        2
      ]
    }
  }
}