{
  "credit": "Made with Blockbench",
  "texture_size": [
    128,
    128
  ],
  "textures": {
    "0": "decorations:construction/construction",
    "particle": "decorations:construction/construction"
  },
  "elements": [
    {
      "from": [
        -3.81597,
        -12.37104,
        12.08148
      ],
      "to": [
        3.18403,
        22.62896,
        14.08148
      ],
      "rotation": {
        "angle": 0,
        "axis": "z",
        "origin": [
          7.71149,
          1.66667,
          6.91481
        ]
      },
      "faces": {
        "north": {
          "uv": [
            9,
            1,
            13.375,
            1.875
          ],
          "rotation": 270,
          "texture": "#0"
        },
        "east": {
          "uv": [
            9,
            1.875,
            13.375,
            2.125
          ],
          "rotation": 90,
          "texture": "#0"
        },
        "south": {
          "uv": [
            9,
            1,
            13.375,
            1.875
          ],
          "rotation": 90,
          "texture": "#0"
        },
        "west": {
          "uv": [
            9,
            1.875,
            13.375,
            2.125
          ],
          "rotation": 270,
          "texture": "#0"
        },
        "up": {
          "uv": [
            9.875,
            2.125,
            9,
            2.375
          ],
          "texture": "#0"
        },
        "down": {
          "uv": [
            9,
            2.125,
            9.875,
            2.375
          ],
          "rotation": 180,
          "texture": "#0"
        }
      }
    },
    {
      "from": [
        14.18403,
        -10.37104,
        12.08148
      ],
      "to": [
        21.18403,
        24.62896,
        14.08148
      ],
      "rotation": {
        "angle": 0,
        "axis": "z",
        "origin": [
          7.71149,
          1.66667,
          6.91481
        ]
      },
      "faces": {
        "north": {
          "uv": [
            9,
            1,
            13.375,
            1.875
          ],
          "rotation": 270,
          "texture": "#0"
        },
        "east": {
          "uv": [
            9,
            1.875,
            13.375,
            2.125
          ],
          "rotation": 90,
          "texture": "#0"
        },
        "south": {
          "uv": [
            9,
            1,
            13.375,
            1.875
          ],
          "rotation": 90,
          "texture": "#0"
        },
        "west": {
          "uv": [
            9,
            1.875,
            13.375,
            2.125
          ],
          "rotation": 270,
          "texture": "#0"
        },
        "up": {
          "uv": [
            9.875,
            2.125,
            9,
            2.375
          ],
          "texture": "#0"
        },
        "down": {
          "uv": [
            9,
            2.125,
            9.875,
            2.375
          ],
          "rotation": 180,
          "texture": "#0"
        }
      }
    },
    {
      "from": [
        -8.81597,
        -5.29562,
        14.08148
      ],
      "to": [
        26.18403,
        1.70438,
        16.08148
      ],
      "rotation": {
        "angle": 0,
        "axis": "x",
        "origin": [
          7.71149,
          1.66667,
          6.91481
        ]
      },
      "faces": {
        "north": {
          "uv": [
            9,
            1,
            13.375,
            1.875
          ],
          "rotation": 180,
          "texture": "#0"
        },
        "east": {
          "uv": [
            9.875,
            2.125,
            9,
            2.375
          ],
          "rotation": 90,
          "texture": "#0"
        },
        "south": {
          "uv": [
            9,
            1,
            13.375,
            1.875
          ],
          "rotation": 180,
          "texture": "#0"
        },
        "west": {
          "uv": [
            9,
            2.125,
            9.875,
            2.375
          ],
          "rotation": 270,
          "texture": "#0"
        },
        "up": {
          "uv": [
            9,
            1.875,
            13.375,
            2.125
          ],
          "texture": "#0"
        },
        "down": {
          "uv": [
            9,
            1.875,
            13.375,
            2.125
          ],
          "rotation": 180,
          "texture": "#0"
        }
      }
    },
    {
      "from": [
        -9.81597,
        4.70438,
        14.08148
      ],
      "to": [
        25.18403,
        11.70438,
        16.08148
      ],
      "rotation": {
        "angle": 0,
        "axis": "x",
        "origin": [
          6.68403,
          6.20438,
          15.08148
        ]
      },
      "faces": {
        "north": {
          "uv": [
            9,
            1,
            13.375,
            1.875
          ],
          "rotation": 180,
          "texture": "#0"
        },
        "east": {
          "uv": [
            9.875,
            2.125,
            9,
            2.375
          ],
          "rotation": 90,
          "texture": "#0"
        },
        "south": {
          "uv": [
            9,
            1,
            13.375,
            1.875
          ],
          "rotation": 180,
          "texture": "#0"
        },
        "west": {
          "uv": [
            9,
            2.125,
            9.875,
            2.375
          ],
          "rotation": 270,
          "texture": "#0"
        },
        "up": {
          "uv": [
            9,
            1.875,
            13.375,
            2.125
          ],
          "texture": "#0"
        },
        "down": {
          "uv": [
            9,
            1.875,
            13.375,
            2.125
          ],
          "rotation": 180,
          "texture": "#0"
        }
      }
    },
    {
      "from": [
        -9.81597,
        13.70438,
        14.08148
      ],
      "to": [
        25.18403,
        20.70438,
        16.08148
      ],
      "rotation": {
        "angle": 0,
        "axis": "x",
        "origin": [
          6.68403,
          6.20438,
          15.08148
        ]
      },
      "faces": {
        "north": {
          "uv": [
            9,
            1,
            13.375,
            1.875
          ],
          "rotation": 180,
          "texture": "#0"
        },
        "east": {
          "uv": [
            9.875,
            2.125,
            9,
            2.375
          ],
          "rotation": 90,
          "texture": "#0"
        },
        "south": {
          "uv": [
            9,
            1,
            13.375,
            1.875
          ],
          "rotation": 180,
          "texture": "#0"
        },
        "west": {
          "uv": [
            9,
            2.125,
            9.875,
            2.375
          ],
          "rotation": 270,
          "texture": "#0"
        },
        "up": {
          "uv": [
            9,
            1.875,
            13.375,
            2.125
          ],
          "texture": "#0"
        },
        "down": {
          "uv": [
            9,
            1.875,
            13.375,
            2.125
          ],
          "rotation": 180,
          "texture": "#0"
        }
      }
    }
  ],
  "display": {
    "thirdperson_righthand": {
      "rotation": [
        63,
        34,
        0
      ],
      "translation": [
        0,
        1,
        -1
      ],
      "scale": [
        0.37891,
        0.37891,
        0.37891
      ]
    },
    "thirdperson_lefthand": {
      "rotation": [
        63,
        34,
        0
      ],
      "translation": [
        0,
        1,
        -1
      ],
      "scale": [
        0.37891,
        0.37891,
        0.37891
      ]
    },
    "firstperson_righthand": {
      "rotation": [
        3,
        112,
        -13
      ],
      "translation": [
        9.5,
        0,
        -5.75
      ],
      "scale": [
        0.35547,
        0.35547,
        0.35547
      ]
    },
    "firstperson_lefthand": {
      "rotation": [
        3,
        112,
        -13
      ],
      "translation": [
        9.5,
        0,
        -5.75
      ],
      "scale": [
        0.35547,
        0.35547,
        0.35547
      ]
    },
    "ground": {
      "translation": [
        0,
        4.25,
        0
      ],
      "scale": [
        0.28906,
        0.28906,
        0.28906
      ]
    },
    "gui": {
      "rotation": [
        30,
        -158,
        0
      ],
      "translation": [
        -0.25,
        -0.25,
        0
      ],
      "scale": [
        0.56992,
        0.56992,
        0.56992
      ]
    },
    "head": {
      "translation": [
        0,
        -30.25,
        0
      ],
      "scale": [
        1.6,
        1.6,
        1.6
      ]
    },
    "fixed": {
      "rotation": [
        -90,
        0,
        0
      ],
      "translation": [
        0,
        -31.5,
        -24.1
      ],
      "scale": [
        2,
        2,
        2
      ]
    }
  }
}