{
    "parent": "item/handheld",
    "textures": {
        "layer0": "item/diamond_sword"
    },
    "overrides": [
        {
            "predicate": {
                "custom_model_data": 10000
            },
            "model": "equipments:weapons/amethyst_sword"
        },
        {
            "predicate": {
                "custom_model_data": 10001
            },
            "model": "equipments:weapons/emerald_sword"
        },
        {
            "predicate": {
                "custom_model_data": 10002
            },
            "model": "equipments:weapons/obsidian_sword"
        },
        {
            "predicate": {
                "custom_model_data": 10003
            },
            "model": "equipments:weapons/ruby_sword"
        }
    ]
}