{
    "parent": "minecraft:item/template_skull",
    "overrides": [
        {
            "predicate": {
                "custom_model_data": 10000
            },
            "model": "profile:gui_item/player_head_gui"
        },
        {
            "predicate": {
                "custom_model_data": 10003
            },
            "model": "heads:item/bighead"
        },
        {
            "predicate": {
                "custom_model_data": 10013
            },
            "model": "minecraft:item/player_head"
        }
    ]
}