{
    "parent": "item/generated",
    "textures": {
        "layer0": "item/stick"
    },
    "overrides": [
        {
            "predicate": {
                "custom_model_data": 100
            },
            "model": "misc:currency/coins"
        },
        {
            "predicate": {
                "custom_model_data": 101
            },
            "model": "misc:keys/silver_key"
        },
        {
            "predicate": {
                "custom_model_data": 102
            },
            "model": "misc:keys/gold_key"
        },
        {
            "predicate": {
                "custom_model_data": 103
            },
            "model": "misc:keys/diamond_key"
        },
        {
            "predicate": {
                "custom_model_data": 104
            },
            "model": "dungeon:dungeon/crimson_key"
        },
        {
            "predicate": {
                "custom_model_data": 105
            },
            "model": "dungeon:dungeon/iron_bars_key"
        },
        {
            "predicate": {
                "custom_model_data": 106
            },
            "model": "dungeon:dungeon/kings_key"
        },
        {
            "predicate": {
                "custom_model_data": 107
            },
            "model": "dungeon:dungeon/nether_key"
        },
        {
            "predicate": {
                "custom_model_data": 108
            },
            "model": "dungeon:dungeon/stone_key"
        },
        {
            "predicate": {
                "custom_model_data": 109
            },
            "model": "dungeon:dungeon/warped_key"
        }
    ]
}