{
	"credit": "MadewithBlockbench",
	"texture_size": [64, 64],
	"textures": {
		"2": "cosmetic:custom/item/backpack",
		"particle": "cosmetic:custom/item/backpack"
	},
	"elements": [
		{
			"from": [5, 0, 4],
			"to": [11, 5, 6],
			"rotation": {"angle": 0, "axis": "y", "origin": [-2, 0, 0]},
			"faces": {
				"north": {"uv": [6, 4, 7.5, 5.25], "texture": "#2"},
				"east": {"uv": [2, 7, 2.5, 8.25], "texture": "#2"},
				"west": {"uv": [2.5, 7, 3, 8.25], "texture": "#2"},
				"up": {"uv": [8.5, 6.25, 7, 5.75], "texture": "#2"},
				"down": {"uv": [8.5, 6.25, 7, 6.75], "texture": "#2"}
			}
		},
		{
			"from": [2, 5, 5.9],
			"to": [14, 12, 5.9],
			"rotation": {"angle": 0, "axis": "y", "origin": [-2, 0, 0]},
			"faces": {
				"north": {"uv": [3, 0, 6, 1.75], "texture": "#2", "tintindex": 0},
				"east": {"uv": [0, 0, 0, 1.75], "texture": "#2"},
				"west": {"uv": [0, 0, 0, 1.75], "texture": "#2"},
				"up": {"uv": [3, 0, 0, 0], "texture": "#2"},
				"down": {"uv": [3, 0, 0, 0], "texture": "#2"}
			}
		},
		{
			"from": [2, 0, 6],
			"to": [14, 12, 10],
			"rotation": {"angle": 0, "axis": "y", "origin": [-2, 0, 0]},
			"faces": {
				"north": {"uv": [0, 0, 3, 3], "texture": "#2"},
				"east": {"uv": [5, 1.75, 6, 4.75], "texture": "#2"},
				"south": {"uv": [0, 3, 3, 6], "texture": "#2"},
				"west": {"uv": [5, 4.75, 6, 7.75], "texture": "#2"},
				"up": {"uv": [3, 7, 0, 6], "texture": "#2"},
				"down": {"uv": [9, 0, 6, 1], "texture": "#2"}
			}
		},
		{
			"from": [14, 1, 6],
			"to": [15, 6, 10],
			"rotation": {"angle": 0, "axis": "y", "origin": [-2, 0, 0]},
			"faces": {
				"north": {"uv": [7, 6.75, 7.25, 8], "texture": "#2"},
				"east": {"uv": [6, 5.25, 7, 6.5], "texture": "#2"},
				"south": {"uv": [7.25, 6.75, 7.5, 8], "texture": "#2"},
				"west": {"uv": [6, 6.5, 7, 7.75], "texture": "#2"},
				"up": {"uv": [0.75, 8.5, 0.5, 7.5], "texture": "#2"},
				"down": {"uv": [1, 7.5, 0.75, 8.5], "texture": "#2"}
			}
		},
		{
			"from": [1, 1, 6],
			"to": [2, 6, 10],
			"rotation": {"angle": 0, "axis": "y", "origin": [-2, 0, 0]},
			"faces": {
				"north": {"uv": [0, 7.5, 0.25, 8.75], "texture": "#2"},
				"east": {"uv": [3, 6.75, 4, 8], "texture": "#2"},
				"south": {"uv": [0.25, 7.5, 0.5, 8.75], "texture": "#2"},
				"west": {"uv": [4, 6.75, 5, 8], "texture": "#2"},
				"up": {"uv": [1.25, 8.5, 1, 7.5], "texture": "#2"},
				"down": {"uv": [1.5, 7.5, 1.25, 8.5], "texture": "#2"}
			}
		},
		{
			"from": [4, 10.76939, 11.0643],
			"to": [12, 12.76939, 11.0643],
			"rotation": {"angle": -22.5, "axis": "x", "origin": [4, 8.70689, 7.4393]},
			"faces": {
				"north": {"uv": [0, 7, 2, 7.5], "texture": "#2"},
				"east": {"uv": [0, 0, 0, 0.5], "texture": "#2"},
				"south": {"uv": [7, 5.25, 9, 5.75], "texture": "#2"},
				"west": {"uv": [0, 0, 0, 0.5], "texture": "#2"},
				"up": {"uv": [2, 0, 0, 0], "texture": "#2"},
				"down": {"uv": [2, 0, 0, 0], "texture": "#2"}
			}
		},
		{
			"from": [4, 2, 10],
			"to": [12, 10, 14],
			"rotation": {"angle": 0, "axis": "y", "origin": [8, 6, 12]},
			"faces": {
				"south": {"uv": [3, 1.75, 5, 3.75], "texture": "#2"},
				"up": {"uv": [5, 6.75, 3, 5.75], "texture": "#2"},
				"down": {"uv": [8, 1, 6, 2], "texture": "#2"}
			}
		},
		{
			"name": "cube inverted",
			"from": [12, 10, 14],
			"to": [4, 2, 10],
			"rotation": {"angle": 0, "axis": "y", "origin": [8, 6, 12]},
			"faces": {
				"north": {"uv": [3, 3.75, 5, 1.75], "texture": "#2"},
				"up": {"uv": [6, 1, 8, 2], "texture": "#2"},
				"down": {"uv": [3, 6.75, 5, 5.75], "texture": "#2"}
			}
		}
	],
	"gui_light": "front",
	"display": {
		"thirdperson_righthand": {
			"rotation": [0, -180, 0],
			"translation": [0, 5.5, 0],
			"scale": [0.7, 0.7, 0.7]
		},
		"thirdperson_lefthand": {
			"rotation": [0, -180, 0],
			"translation": [0, 5.5, 0],
			"scale": [0.7, 0.7, 0.7]
		},
		"firstperson_righthand": {
			"rotation": [0, 110, 0],
			"translation": [0, 5.5, 0],
			"scale": [0.7, 0.7, 0.7]
		},
		"firstperson_lefthand": {
			"rotation": [0, 110, 0],
			"translation": [0, 5.5, 0],
			"scale": [0.7, 0.7, 0.7]
		},
		"ground": {
			"rotation": [45, 0, 0],
			"translation": [0, 2, 0],
			"scale": [0.5, 0.5, 0.5]
		},
		"gui": {
			"rotation": [-15, -119, -26],
			"translation": [-0.25, 2, 0]
		},
		"head": {
			"rotation": [0, -180, 0],
			"translation": [0, -45, 6.5],
			"scale": [1.25, 1.25, 1.25]
		},
		"fixed": {
			"translation": [0, 3.75, -1.75],
			"scale": [1.81, 1.81, 1.81]
		}
	},
	"file_name": "back_foot_left"
}