{
	"credit": "Made with Blockbench",
	"texture_size": [32, 32],
	"textures": {
		"2": "cosmetic:custom/item/cap"
	},
	"elements": [
		{
			"name": "cube inverted",
			"from": [12.5, 9.999, 3.5],
			"to": [3.5, 8.999, -2.5],
			"rotation": {"angle": 0, "axis": "y", "origin": [8, 8.999, 0.5]},
			"faces": {
				"north": {"uv": [9, 7.5, 13.5, 7], "texture": "#2", "tintindex": 0},
				"east": {"uv": [9, 8.5, 12, 8], "texture": "#2", "tintindex": 0},
				"south": {"uv": [9, 7, 13.5, 6.5], "texture": "#2", "tintindex": 0},
				"west": {"uv": [9, 8, 12, 7.5], "texture": "#2", "tintindex": 0},
				"up": {"uv": [4.5, 3, 9, 6], "texture": "#2", "tintindex": 0},
				"down": {"uv": [4.5, 3, 9, 0], "texture": "#2", "tintindex": 0}
			}
		},
		{
			"from": [3.5, 9, 3.5],
			"to": [12.5, 14, 12.5],
			"rotation": {"angle": 0, "axis": "y", "origin": [0.5, 0, -1.5]},
			"faces": {
				"north": {"uv": [4.5, 6, 9, 8.5], "texture": "#2", "tintindex": 0},
				"east": {"uv": [4.5, 8.5, 9, 11], "texture": "#2", "tintindex": 0},
				"south": {"uv": [0, 9, 4.5, 11.5], "texture": "#2", "tintindex": 0},
				"west": {"uv": [9, 0, 13.5, 2.5], "texture": "#2", "tintindex": 0},
				"up": {"uv": [4.5, 4.5, 0, 0], "texture": "#2", "tintindex": 0},
				"down": {"uv": [4.5, 4.5, 0, 9], "texture": "#2", "tintindex": 0}
			}
		},
		{
			"from": [3.5, 8.999, -2.5],
			"to": [12.5, 9.999, 3.5],
			"rotation": {"angle": 0, "axis": "y", "origin": [8, 8.999, 0.5]},
			"faces": {
				"north": {"uv": [9, 6.5, 13.5, 7], "texture": "#2", "tintindex": 0},
				"east": {"uv": [9, 7.5, 12, 8], "texture": "#2", "tintindex": 0},
				"south": {"uv": [9, 7, 13.5, 7.5], "texture": "#2", "tintindex": 0},
				"west": {"uv": [9, 8, 12, 8.5], "texture": "#2", "tintindex": 0},
				"up": {"uv": [9, 3, 4.5, 0], "texture": "#2", "tintindex": 0},
				"down": {"uv": [9, 3, 4.5, 6], "texture": "#2", "tintindex": 0}
			}
		},
		{
			"name": "cube inverted",
			"from": [9, 14.25, 9],
			"to": [7, 14.25, 7],
			"rotation": {"angle": 0, "axis": "y", "origin": [0.5, 0, 17.5]},
			"faces": {
				"north": {"uv": [0, 0, 1, 0], "texture": "#2", "tintindex": 0},
				"east": {"uv": [0, 0, 1, 0], "texture": "#2", "tintindex": 0},
				"south": {"uv": [0, 0, 1, 0], "texture": "#2", "tintindex": 0},
				"west": {"uv": [0, 0, 1, 0], "texture": "#2", "tintindex": 0},
				"up": {"uv": [10, 9.5, 9, 8.5], "texture": "#2", "tintindex": 0},
				"down": {"uv": [10, 9.5, 9, 10.5], "texture": "#2", "tintindex": 0}
			}
		},
		{
			"from": [3.5, 10, 3.5],
			"to": [12.5, 14, 3.5],
			"rotation": {"angle": 0, "axis": "y", "origin": [0.5, 0, -1.5]},
			"faces": {
				"north": {"uv": [9, 2.5, 13.5, 4.5], "texture": "#2"},
				"east": {"uv": [0, 0, 0, 2], "texture": "#2"},
				"south": {"uv": [9, 4.5, 13.5, 6.5], "texture": "#2"},
				"west": {"uv": [0, 0, 0, 2], "texture": "#2"},
				"up": {"uv": [4.5, 0, 0, 0], "texture": "#2"},
				"down": {"uv": [4.5, 0, 0, 0], "texture": "#2"}
			}
		},
		{
			"name": "cube inverted",
			"from": [12.5, 14, 12.5],
			"to": [3.5, 9, 3.5],
			"rotation": {"angle": 0, "axis": "y", "origin": [0.5, 0, -1.5]},
			"faces": {
				"north": {"uv": [0, 11.5, 4.5, 9], "texture": "#2", "tintindex": 0},
				"east": {"uv": [9, 2.5, 13.5, 0], "texture": "#2", "tintindex": 0},
				"south": {"uv": [4.5, 8.5, 9, 6], "texture": "#2", "tintindex": 0},
				"west": {"uv": [4.5, 11, 9, 8.5], "texture": "#2", "tintindex": 0},
				"up": {"uv": [0, 4.5, 4.5, 9], "texture": "#2", "tintindex": 0},
				"down": {"uv": [0, 4.5, 4.5, 0], "texture": "#2", "tintindex": 0}
			}
		}
	],
	"gui_light": "front",
	"display": {
		"thirdperson_righthand": {
			"rotation": [55.5, 34, 0],
			"translation": [0, 1, 0.75],
			"scale": [0.52539, 0.52539, 0.52539]
		},
		"thirdperson_lefthand": {
			"rotation": [55.5, 34, 0],
			"translation": [0, 1, 0.75],
			"scale": [0.52539, 0.52539, 0.52539]
		},
		"firstperson_righthand": {
			"rotation": [21, 114.5, -13.75],
			"translation": [9.5, 0, -5.75],
			"scale": [0.41992, 0.41992, 0.41992]
		},
		"firstperson_lefthand": {
			"rotation": [21, 114.5, -13.75],
			"translation": [9.5, 0, -5.75],
			"scale": [0.41992, 0.41992, 0.41992]
		},
		"gui": {
			"rotation": [-149.61, -31.92, -180],
			"translation": [-1.5, -1.25, 0],
			"scale": [0.96484, 0.96484, 0.96484]
		},
		"head": {
			"rotation": [2.5, 0, 0],
			"translation": [0, 0, -0.25],
			"scale": [1.64492, 1.64492, 1.64492]
		}
	},
	"groups": [
		{
			"name": "Gala",
			"origin": [8, 8, 8],
			"color": 0,
			"nbt": "{}",
			"children": [0, 1, 2, 3, 4, 5]
		}
	]
}