{
	"credit": "Made with Blockbench",
	"texture_size": [64, 64],
	"textures": {
		"3": "cosmetic:custom/item/beanie_hat_1"
	},
	"elements": [
		{
			"from": [3.2, 6.75, 3.2],
			"to": [12.8, 9.35, 12.8],
			"rotation": {"angle": 0, "axis": "x", "origin": [8.38333, 7.5, 8.2]},
			"faces": {
				"north": {"uv": [5, 10.5, 7.5, 11.25], "texture": "#3"},
				"east": {"uv": [5, 11.25, 7.5, 12], "texture": "#3"},
				"south": {"uv": [5, 12, 7.5, 12.75], "texture": "#3"},
				"west": {"uv": [5, 12.75, 7.5, 13.5], "texture": "#3"},
				"up": {"uv": [2.5, 2.5, 0, 0], "texture": "#3", "tintindex": 0},
				"down": {"uv": [2.5, 0, 0, 2.5], "texture": "#3", "tintindex": 0}
			}
		},
		{
			"from": [3.5, 6.75, 3.5],
			"to": [12.5, 12.75, 12.5],
			"rotation": {"angle": 0, "axis": "x", "origin": [8, 10.5, 8]},
			"faces": {
				"north": {"uv": [4.5, 5, 6.75, 6.5], "texture": "#3", "tintindex": 0},
				"east": {"uv": [4.5, 6.5, 6.75, 8], "texture": "#3", "tintindex": 0},
				"south": {"uv": [6.75, 4.5, 9, 6], "texture": "#3", "tintindex": 0},
				"west": {"uv": [6.75, 6, 9, 7.5], "texture": "#3", "tintindex": 0},
				"up": {"uv": [2.25, 2.25, 0, 0], "texture": "#3", "tintindex": 0},
				"down": {"uv": [7.25, 0, 5, 2.25], "texture": "#3", "tintindex": 0}
			}
		},
		{
			"from": [3.2, 6.75, 3.2],
			"to": [12.8, 9.35, 12.8],
			"rotation": {"angle": 0, "axis": "x", "origin": [8.38333, 7.5, 8.2]},
			"faces": {
				"north": {"uv": [7.25, 3, 9.75, 3.75], "texture": "#3", "tintindex": 0},
				"east": {"uv": [7.25, 3.75, 9.75, 4.5], "texture": "#3", "tintindex": 0},
				"south": {"uv": [6.75, 7.5, 9.25, 8.25], "texture": "#3", "tintindex": 0},
				"west": {"uv": [4.5, 8.25, 7, 9], "texture": "#3", "tintindex": 0},
				"up": {"uv": [2.5, 2.5, 0, 0], "texture": "#3", "tintindex": 0},
				"down": {"uv": [2.5, 0, 0, 2.5], "texture": "#3", "tintindex": 0}
			}
		},
		{
			"from": [3.5, 6.75, 3.5],
			"to": [12.5, 12.75, 12.5],
			"rotation": {"angle": 0, "axis": "x", "origin": [8, 10.5, 8]},
			"faces": {
				"north": {"uv": [0.25, 11.5, 2.5, 13], "texture": "#3"},
				"east": {"uv": [0.25, 13, 2.5, 14.5], "texture": "#3"},
				"south": {"uv": [2.5, 11, 4.75, 12.5], "texture": "#3"},
				"west": {"uv": [2.5, 12.5, 4.75, 14], "texture": "#3"},
				"up": {"uv": [2.25, 5, 0, 2.75], "texture": "#3"},
				"down": {"uv": [7.25, 0, 5, 2.25], "texture": "#3", "tintindex": 0}
			}
		},
		{
			"from": [5.5, 12.75, 5.5],
			"to": [10.5, 13.75, 10.5],
			"rotation": {"angle": 0, "axis": "x", "origin": [8, 10.5, 8]},
			"faces": {
				"north": {"uv": [8, 10.75, 9.25, 11], "texture": "#3"},
				"east": {"uv": [8, 10.75, 9.25, 11], "texture": "#3"},
				"south": {"uv": [8, 10.75, 9.25, 11], "texture": "#3"},
				"west": {"uv": [8, 10.75, 9.25, 11], "texture": "#3"},
				"up": {"uv": [1.75, 6.75, 0.5, 5.5], "texture": "#3", "tintindex": 0},
				"down": {"uv": [7.25, 0, 5, 2.25], "texture": "#3", "tintindex": 0}
			}
		},
		{
			"from": [9.5, 11, 7.5],
			"to": [14.5, 16, 9.5],
			"rotation": {"angle": -22.5, "axis": "z", "origin": [13, 14.25, 8.5]},
			"faces": {
				"north": {"uv": [5, 9, 6.25, 10.25], "texture": "#3", "tintindex": 0},
				"east": {"uv": [0, 9.5, 0.5, 10.75], "texture": "#3", "tintindex": 0},
				"south": {"uv": [9, 5.25, 10.25, 6.5], "texture": "#3", "tintindex": 0},
				"west": {"uv": [9.5, 0, 10, 1.25], "texture": "#3", "tintindex": 0},
				"up": {"uv": [6.25, 5, 5, 4.5], "texture": "#3", "tintindex": 0},
				"down": {"uv": [10.5, 7.75, 9.25, 8.25], "texture": "#3", "tintindex": 0}
			}
		},
		{
			"from": [9.5, 11, 7.5],
			"to": [14.5, 16, 9.5],
			"rotation": {"angle": -22.5, "axis": "z", "origin": [13, 14.25, 8.5]},
			"faces": {
				"north": {"uv": [6.25, 9, 7.5, 10.25], "texture": "#3"}
			}
		},
		{
			"from": [1.5, 11, 7.5],
			"to": [6.5, 16, 9.5],
			"rotation": {"angle": 22.5, "axis": "z", "origin": [3, 14.25, 8.5]},
			"faces": {
				"north": {"uv": [7.5, 9, 8.75, 10.25], "texture": "#3", "tintindex": 0},
				"east": {"uv": [0.5, 9.5, 1, 10.75], "texture": "#3", "tintindex": 0},
				"south": {"uv": [8.75, 9, 10, 10.25], "texture": "#3", "tintindex": 0},
				"west": {"uv": [1, 9.5, 1.5, 10.75], "texture": "#3", "tintindex": 0},
				"up": {"uv": [10.75, 1.75, 9.5, 1.25], "texture": "#3", "tintindex": 0},
				"down": {"uv": [10.75, 1.75, 9.5, 2.25], "texture": "#3", "tintindex": 0}
			}
		},
		{
			"from": [1.5, 11, 7.5],
			"to": [6.5, 16, 9.5],
			"rotation": {"angle": 22.5, "axis": "z", "origin": [3, 14.25, 8.5]},
			"faces": {
				"north": {"uv": [9.25, 6.5, 10.5, 7.75], "texture": "#3"}
			}
		},
		{
			"name": "cube inverted",
			"from": [12.8, 9.35, 12.8],
			"to": [3.2, 6.75, 3.2],
			"rotation": {"angle": 0, "axis": "x", "origin": [8.38333, 7.5, 8.2]},
			"faces": {
				"north": {"uv": [6.75, 8.25, 9.25, 7.5], "texture": "#3", "tintindex": 0},
				"east": {"uv": [4.5, 9, 7, 8.25], "texture": "#3", "tintindex": 0},
				"south": {"uv": [7.25, 3.75, 9.75, 3], "texture": "#3", "tintindex": 0},
				"west": {"uv": [7.25, 4.5, 9.75, 3.75], "texture": "#3", "tintindex": 0},
				"up": {"uv": [0, 0, 2.5, 2.5], "texture": "#3", "tintindex": 0},
				"down": {"uv": [0, 2.5, 2.5, 0], "texture": "#3", "tintindex": 0}
			}
		},
		{
			"name": "cube inverted",
			"from": [12.8, 9.35, 12.8],
			"to": [3.2, 6.75, 3.2],
			"rotation": {"angle": 0, "axis": "x", "origin": [8.38333, 7.5, 8.2]},
			"faces": {
				"north": {"uv": [5, 12.75, 7.5, 12], "texture": "#3"},
				"east": {"uv": [5, 13.5, 7.5, 12.75], "texture": "#3"},
				"south": {"uv": [5, 11.25, 7.5, 10.5], "texture": "#3"},
				"west": {"uv": [5, 12, 7.5, 11.25], "texture": "#3"},
				"up": {"uv": [0, 0, 2.5, 2.5], "texture": "#3", "tintindex": 0},
				"down": {"uv": [0, 2.5, 2.5, 0], "texture": "#3", "tintindex": 0}
			}
		}
	],
	"gui_light": "front",
	"display": {
		"thirdperson_righthand": {
			"rotation": [55.5, 34, 0],
			"translation": [0, 1, 0.75],
			"scale": [0.525, 0.525, 0.525]
		},
		"thirdperson_lefthand": {
			"rotation": [55.5, 34, 0],
			"translation": [0, 1, 0.75],
			"scale": [0.52539, 0.52539, 0.52539]
		},
		"firstperson_righthand": {
			"rotation": [21, 114.5, -13.75],
			"translation": [9.5, 0, -5.75],
			"scale": [0.41992, 0.41992, 0.41992]
		},
		"firstperson_lefthand": {
			"rotation": [21, 114.5, -13.75],
			"translation": [9.5, 0, -5.75],
			"scale": [0.41992, 0.41992, 0.41992]
		},
		"gui": {
			"rotation": [-170, -40, 166],
			"translation": [0.25, -2.5, 0]
		},
		"head": {
			"rotation": [5.73, 0, 0],
			"translation": [-0.25, 2.75, 0.25],
			"scale": [1.75, 1.75, 1.75]
		}
	}
}