{	"credit":"MadewithBlockbench",	"texture_size":[128,128],	"textures":{		"0":"cosmetic:custom/item/stick",		"particle":"cosmetic:custom/item/stick"	},	"elements":[		{			"from":[7,0,8],			"to":[8,20,9],			"faces":{				"north":{"uv":[7.5,4.375,8,15],"texture":"#0","tintindex":0},				"east":{"uv":[7.5,4.375,8,15],"texture":"#0","tintindex":0},				"south":{"uv":[7.5,4.375,8,15],"texture":"#0","tintindex":0},				"west":{"uv":[7.5,4.375,8,15],"texture":"#0","tintindex":0},				"up":{"uv":[7.5,4.375,8,15],"texture":"#0"},				"down":{"uv":[7.5,4.375,8,15],"texture":"#0"}			}		},		{			"from":[6,12,7],			"to":[9,13,10],			"faces":{				"north":{"uv":[7.375,8.75,8.125,9.125],"texture":"#0"},				"east":{"uv":[7.375,8.75,8.125,9.125],"texture":"#0"},				"south":{"uv":[7.375,8.75,8.125,9.125],"texture":"#0"},				"west":{"uv":[7.375,8.75,8.125,9.125],"texture":"#0"},				"up":{"uv":[7.375,8.75,8.125,9.125],"texture":"#0"},				"down":{"uv":[7.375,8.75,8.125,9.125],"texture":"#0"}			}		},		{			"from":[6,19,7],			"to":[9,20,10],			"faces":{				"north":{"uv":[7.375,8.75,8.125,9.125],"texture":"#0"},				"east":{"uv":[7.375,8.75,8.125,9.125],"texture":"#0"},				"south":{"uv":[7.375,8.75,8.125,9.125],"texture":"#0"},				"west":{"uv":[7.375,8.75,8.125,9.125],"texture":"#0"},				"up":{"uv":[7.375,8.75,8.125,9.125],"texture":"#0"},				"down":{"uv":[7.375,8.75,8.125,9.125],"texture":"#0"}			}		},		{			"from":[7,20,5],			"to":[8,26,12],			"faces":{				"north":{"uv":[11.375,3.625,14.75,6.125],"texture":"#0"},				"east":{"uv":[6,2,9.375,4.5],"texture":"#0"},				"south":{"uv":[11.375,6.125,14.75,8.625],"texture":"#0"},				"west":{"uv":[6,2,9.375,4.5],"texture":"#0"},				"up":{"uv":[11.375,3.625,14.75,6.125],"texture":"#0"},				"down":{"uv":[11.375,1.875,14.75,4.375],"texture":"#0"}			}		},		{			"from":[7,22,8],			"to":[9,28,9],			"faces":{				"north":{"uv":[7.25,0.75,8.125,3.5],"texture":"#0"},				"east":{"uv":[7.25,0.75,8.125,3.5],"texture":"#0"},				"south":{"uv":[7.25,0.75,8.125,3.5],"texture":"#0"},				"west":{"uv":[7.25,0.75,8.125,3.5],"texture":"#0"},				"up":{"uv":[7.25,0.75,8.125,3.5],"texture":"#0"},				"down":{"uv":[7.25,0.75,8.125,3.5],"texture":"#0"}			}		},		{			"from":[6,22,8],			"to":[7,28,9],			"faces":{				"north":{"uv":[7.25,0.75,7.75,3.5],"texture":"#0"},				"east":{"uv":[7.25,0.75,8.125,3.5],"texture":"#0"},				"south":{"uv":[7.25,0.75,7.75,3.5],"texture":"#0"},				"west":{"uv":[7.25,0.75,8.125,3.5],"texture":"#0"},				"up":{"uv":[7.25,0.75,8.125,3.5],"texture":"#0"},				"down":{"uv":[7.25,0.75,8.125,3.5],"texture":"#0"}			}		}	],	"gui_light":"front",	"display":{		"thirdperson_righthand":{			"translation":[0.5,4.5,1],			"scale":[1.29883,1.29883,1.29883]		},		"thirdperson_lefthand":{			"translation":[0.5,4.5,1],			"scale":[1.29883,1.29883,1.29883]		},		"firstperson_righthand":{			"translation":[3.5,0,0],			"scale":[0.80664,0.71484,0.43164]		},		"firstperson_lefthand":{			"translation":[3.5,0,0],			"scale":[0.80664,0.71484,0.43164]		},		"gui":{			"rotation":[98.79,-51.18,96.9],			"translation":[1.75,-2.25,0],			"scale":[0.61719,0.61719,0.61719]		},		"head":{			"translation":[2.25,7.5,0],			"scale":[3.16016,3.16016,3.16016]		}	}}