{	"credit":"MadewithBlockbench",	"texture_size":[20,20],	"textures":{		"1":"cosmetic:custom/item/token"	},	"elements":[		{			"from":[0,7,8],			"to":[15,13,9],			"faces":{				"north":{"uv":[1.6,4,14.4,11.2],"texture":"#1"},				"east":{"uv":[13.6,4,14.4,11.2],"texture":"#1"},				"south":{"uv":[1.6,4,14.4,11.2],"texture":"#1"},				"west":{"uv":[13.6,4,14.4,11.2],"texture":"#1"},				"up":{"uv":[1.6,4,2.4,11.2],"texture":"#1"},				"down":{"uv":[1.6,4,2.4,11.2],"texture":"#1"}			}		},		{			"from":[1,5,8],			"to":[14,7,9],			"faces":{				"north":{"uv":[2.4,11.2,13.6,12.8],"texture":"#1"},				"east":{"uv":[13.6,4,14.4,11.2],"texture":"#1"},				"south":{"uv":[2.4,11.2,13.6,12.8],"texture":"#1"},				"west":{"uv":[13.6,4,14.4,11.2],"texture":"#1"},				"up":{"uv":[1.6,4,14.4,11.2],"texture":"#1"},				"down":{"uv":[1.6,4,2.4,11.2],"texture":"#1"}			}		},		{			"from":[5,17,8],			"to":[10,18,9],			"faces":{				"north":{"uv":[5.6,14.4,10.4,15.2],"texture":"#1"},				"east":{"uv":[13.6,4,14.4,11.2],"texture":"#1"},				"south":{"uv":[5.6,14.4,10.4,15.2],"texture":"#1"},				"west":{"uv":[13.6,4,14.4,11.2],"texture":"#1"},				"up":{"uv":[1.6,4,2.4,11.2],"texture":"#1"},				"down":{"uv":[5.6,14.4,10.4,15.2],"texture":"#1"}			}		},		{			"from":[3,16,8],			"to":[12,17,9],			"faces":{				"north":{"uv":[4,0.8,12,1.6],"texture":"#1"},				"east":{"uv":[13.6,4,14.4,11.2],"texture":"#1"},				"south":{"uv":[4,0.8,12,1.6],"texture":"#1"},				"west":{"uv":[13.6,4,14.4,11.2],"texture":"#1"},				"up":{"uv":[1.6,4,2.4,11.2],"texture":"#1"},				"down":{"uv":[1.6,4,2.4,11.2],"texture":"#1"}			}		},		{			"from":[2,15,8],			"to":[13,16,9],			"faces":{				"north":{"uv":[3.2,1.6,12.8,2.4],"texture":"#1"},				"east":{"uv":[13.6,4,14.4,11.2],"texture":"#1"},				"south":{"uv":[3.2,1.6,12.8,2.4],"texture":"#1"},				"west":{"uv":[13.6,4,14.4,11.2],"texture":"#1"},				"up":{"uv":[1.6,4,2.4,11.2],"texture":"#1"},				"down":{"uv":[1.6,4,2.4,11.2],"texture":"#1"}			}		},		{			"from":[1,13,8],			"to":[14,15,9],			"faces":{				"north":{"uv":[2.4,2.4,13.6,4],"texture":"#1"},				"east":{"uv":[13.6,4,14.4,11.2],"texture":"#1"},				"south":{"uv":[2.4,2.4,13.6,4],"texture":"#1"},				"west":{"uv":[13.6,4,14.4,11.2],"texture":"#1"},				"up":{"uv":[1.6,4,2.4,11.2],"texture":"#1"},				"down":{"uv":[1.6,4,2.4,11.2],"texture":"#1"}			}		},		{			"from":[2,4,8],			"to":[13,5,9],			"faces":{				"north":{"uv":[3.2,12.8,12.8,13.6],"texture":"#1"},				"east":{"uv":[13.6,4,14.4,11.2],"texture":"#1"},				"south":{"uv":[3.2,12.8,12.8,13.6],"texture":"#1"},				"west":{"uv":[13.6,4,14.4,11.2],"texture":"#1"},				"up":{"uv":[1.6,4,14.4,11.2],"texture":"#1"},				"down":{"uv":[1.6,4,2.4,11.2],"texture":"#1"}			}		},		{			"from":[3,3,8],			"to":[12,4,9],			"faces":{				"north":{"uv":[4,13.6,12,14.4],"texture":"#1"},				"east":{"uv":[13.6,4,14.4,11.2],"texture":"#1"},				"south":{"uv":[4,13.6,12,14.4],"texture":"#1"},				"west":{"uv":[13.6,4,14.4,11.2],"texture":"#1"},				"up":{"uv":[1.6,4,14.4,11.2],"texture":"#1"},				"down":{"uv":[1.6,4,2.4,11.2],"texture":"#1"}			}		},		{			"from":[5,2,8],			"to":[10,3,9],			"faces":{				"north":{"uv":[5.6,14.4,10.4,15.2],"texture":"#1"},				"east":{"uv":[13.6,4,14.4,11.2],"texture":"#1"},				"south":{"uv":[5.6,14.4,10.4,15.2],"texture":"#1"},				"west":{"uv":[13.6,4,14.4,11.2],"texture":"#1"},				"up":{"uv":[1.6,4,14.4,11.2],"texture":"#1"},				"down":{"uv":[5.6,14.4,10.4,15.2],"texture":"#1"}			}		}	],	"gui_light":"front",	"display":{		"thirdperson_righthand":{			"rotation":[122.81,-89.15,145.61],			"translation":[0.75,1,0],			"scale":[0.51953,0.51953,0.51953]		},		"thirdperson_lefthand":{			"rotation":[122.81,-89.15,145.61],			"translation":[0.75,1,0],			"scale":[0.51953,0.51953,0.51953]		},		"firstperson_righthand":{			"rotation":[180,-74.75,180],			"translation":[4,0,0],			"scale":[0.31055,0.31055,0.31055]		},		"firstperson_lefthand":{			"rotation":[180,-74.75,180],			"translation":[4,0,0],			"scale":[0.31055,0.31055,0.31055]		},		"ground":{			"scale":[0.53906,0.53906,0.53906]		},		"gui":{			"rotation":[0,-24.5,0],			"translation":[0.5,-2,0],			"scale":[0.91406,0.91406,0.91406]		},		"head":{			"translation":[0,12.5,0]		},		"fixed":{			"translation":[0,-1.75,-1.75]		}	},	"groups":[		{			"name":"group",			"origin":[0,0,0],			"color":0,			"nbt":"{}",			"armAnimationEnabled":false,			"children":[0,1,2,3,4,5,6,7,8]		}	]}