{
	"credit": "Made with Blockbench",
	"texture_size": [128, 128],
	"textures": {
		"1": "custom_blocks/sea_props",
		"particle": "block/diorite"
	},
	"elements": [
		{
			"from": [9.25, 0, 12.25],
			"to": [12.25, 1, 15.25],
			"rotation": {"angle": 22.5, "axis": "y", "origin": [6.25, 0.5, 10.75]},
			"faces": {
				"north": {"uv": [4.5, 12, 3, 11.5], "texture": "#1"},
				"east": {"uv": [4.5, 12.5, 3, 13], "texture": "#1"},
				"south": {"uv": [3, 12.5, 4.5, 13], "texture": "#1"},
				"west": {"uv": [3, 11.5, 4.5, 12], "texture": "#1"},
				"up": {"uv": [3, 11.5, 4.5, 13], "texture": "#1"},
				"down": {"uv": [3, 13, 4.5, 11.5], "texture": "#1"}
			}
		},
		{
			"from": [0.42357, 0, 9.2954],
			"to": [2.42357, 1, 11.2954],
			"rotation": {"angle": 22.5, "axis": "y", "origin": [2.92357, 0.5, 1.7954]},
			"faces": {
				"north": {"uv": [8, 2.5, 9, 2], "texture": "#1"},
				"east": {"uv": [8, 2, 9, 1.5], "texture": "#1"},
				"south": {"uv": [9, 2, 8, 1.5], "texture": "#1"},
				"west": {"uv": [9, 2.5, 8, 2], "texture": "#1"},
				"up": {"uv": [9, 2.5, 8, 1.5], "texture": "#1"},
				"down": {"uv": [9, 1.5, 8, 2.5], "texture": "#1"}
			}
		},
		{
			"from": [8, 1, 4],
			"to": [15, 1, 11],
			"rotation": {"angle": 22.5, "axis": "y", "origin": [6.25, 0.5, 10.75]},
			"faces": {
				"north": {"uv": [0, 4.375, 0.125, 4.875], "rotation": 270, "texture": "#1"},
				"east": {"uv": [0.625, 4.375, 0.75, 4.875], "rotation": 90, "texture": "#1"},
				"south": {"uv": [0, 0, 6, 1], "texture": "#missing"},
				"west": {"uv": [0, 4.375, 0.125, 4.875], "rotation": 270, "texture": "#1"},
				"up": {"uv": [0, 0, 7.75, 7.75], "texture": "#1"},
				"down": {"uv": [0, 7.75, 7.75, 0], "texture": "#1"}
			}
		}
	]
}