{
	"credit": "Made with Blockbench",
	"texture_size": [128, 128],
	"textures": {
		"1": "custom_blocks/sea_props",
		"particle": "block/diorite"
	},
	"elements": [
		{
			"from": [9.98099, 0, 10.74683],
			"to": [12.98099, 1, 13.74683],
			"rotation": {"angle": 0, "axis": "y", "origin": [8.66419, 0.5, 9.01987]},
			"faces": {
				"north": {"uv": [0, 9, 0.5, 10], "rotation": 90, "texture": "#1"},
				"east": {"uv": [2, 9.5, 1.5, 10], "rotation": 90, "texture": "#1"},
				"south": {"uv": [1, 9.5, 0, 10], "texture": "#1"},
				"west": {"uv": [1, 9.5, 1.5, 8.5], "rotation": 90, "texture": "#1"},
				"up": {"uv": [1, 9.5, 0, 8.5], "texture": "#1"},
				"down": {"uv": [1, 10, 1.5, 9.5], "rotation": 90, "texture": "#1"}
			}
		},
		{
			"from": [6.24554, 0, 2.56818],
			"to": [10.24554, 1, 6.56818],
			"rotation": {"angle": -22.5, "axis": "y", "origin": [8.66419, 0.5, 9.01987]},
			"faces": {
				"north": {"uv": [1.5, 6.25, 1.25, 5.75], "rotation": 270, "texture": "#1"},
				"east": {"uv": [4, 3.5, 4.5, 4], "texture": "#1"},
				"south": {"uv": [3.5, 3.5, 2, 4], "texture": "#1"},
				"west": {"uv": [2, 3.5, 3.5, 4], "texture": "#1"},
				"up": {"uv": [3, 3, 4.5, 4.5], "rotation": 270, "texture": "#1"},
				"down": {"uv": [1.5, 5.75, 1, 6.25], "rotation": 270, "texture": "#1"}
			}
		},
		{
			"from": [2.44491, 0, 6.40444],
			"to": [6.44491, 1, 10.40444],
			"rotation": {"angle": 22.5, "axis": "y", "origin": [8.66419, 0.5, 9.01987]},
			"faces": {
				"north": {"uv": [3, 11.5, 4.5, 12], "texture": "#1"},
				"east": {"uv": [4.5, 11.5, 3, 12], "texture": "#1"},
				"south": {"uv": [4.5, 12, 3, 12.5], "texture": "#1"},
				"west": {"uv": [3, 12, 4.5, 12.5], "texture": "#1"},
				"up": {"uv": [4.5, 13, 3, 11.5], "rotation": 270, "texture": "#1"},
				"down": {"uv": [4, 11.5, 3, 12], "texture": "#1"}
			}
		}
	]
}