{
	"credit": "Made with Blockbench",
	"parent": "block/block",
	"ambientocclusion": false,
	"texture_size": [128, 128],
	"textures": {
		"0": "custom_blocks/sea_props",
		"particle": "block/granite"
	},
	"elements": [
		{
			"from": [12, 0, 8],
			"to": [14, 1, 10],
			"faces": {
				"north": {"uv": [13.5, 11, 14, 10], "rotation": 90, "texture": "#0"},
				"east": {"uv": [14, 9.5, 13.5, 10.5], "rotation": 90, "texture": "#0"},
				"south": {"uv": [13.5, 10.5, 14.5, 10], "texture": "#0"},
				"west": {"uv": [14, 10, 13.5, 11], "rotation": 90, "texture": "#0"},
				"up": {"uv": [13.5, 9.5, 14.5, 10.5], "texture": "#0"},
				"down": {"uv": [13.5, 10.5, 14.5, 9.5], "texture": "#0"}
			}
		},
		{
			"from": [5, 0, 7],
			"to": [9, 1, 11],
			"rotation": {"angle": -45, "axis": "z", "origin": [9, 0.5, 9]},
			"faces": {
				"north": {"uv": [12, 9.5, 12.5, 11.45], "rotation": 90, "texture": "#0"},
				"east": {"uv": [11, 11.5, 13, 12], "texture": "#0"},
				"south": {"uv": [12, 9.5, 12.5, 11.45], "rotation": 90, "texture": "#0"},
				"west": {"uv": [11, 11.5, 13, 12], "texture": "#0"},
				"up": {"uv": [11, 9.5, 12.95, 11.5], "texture": "#0"},
				"down": {"uv": [11, 11.5, 13, 9.5], "texture": "#0"}
			}
		},
		{
			"from": [8, 0, 2],
			"to": [12, 1, 6],
			"faces": {
				"north": {"uv": [12, 9.5, 12.5, 11.45], "rotation": 90, "texture": "#0"},
				"east": {"uv": [11, 11.5, 13, 12], "texture": "#0"},
				"south": {"uv": [12, 9.5, 12.5, 11.45], "rotation": 90, "texture": "#0"},
				"west": {"uv": [11, 11.5, 13, 12], "texture": "#0"},
				"up": {"uv": [11, 9.5, 12.95, 11.5], "texture": "#0"},
				"down": {"uv": [11, 11.5, 13, 9.5], "texture": "#0"}
			}
		},
		{
			"from": [2, 0, 7],
			"to": [7, 2, 12],
			"faces": {
				"north": {"uv": [10.5, 12, 8, 13], "texture": "#0"},
				"east": {"uv": [10.5, 12, 8, 13], "texture": "#0"},
				"south": {"uv": [10.5, 12, 8, 13], "texture": "#0"},
				"west": {"uv": [10.5, 12, 8, 13], "texture": "#0"},
				"up": {"uv": [10.5, 9.5, 8, 12], "texture": "#0"},
				"down": {"uv": [10.5, 12, 8, 9.5], "texture": "#0"}
			}
		}
	],
	"display": {
		"thirdperson_righthand": {
			"rotation": [63, 34, 0],
			"translation": [0, 1, -1],
			"scale": [0.37891, 0.37891, 0.37891]
		},
		"thirdperson_lefthand": {
			"rotation": [63, 34, 0],
			"translation": [0, 1, -1],
			"scale": [0.37891, 0.37891, 0.37891]
		},
		"firstperson_righthand": {
			"rotation": [3, 112, -13],
			"translation": [9.5, 0, -5.75],
			"scale": [0.35547, 0.35547, 0.35547]
		},
		"firstperson_lefthand": {
			"rotation": [3, 112, -13],
			"translation": [9.5, 0, -5.75],
			"scale": [0.35547, 0.35547, 0.35547]
		},
		"ground": {
			"translation": [0, 4.25, 0],
			"scale": [0.28906, 0.28906, 0.28906]
		},
		"gui": {
			"rotation": [-155.47, -35.06, -179.51],
			"translation": [-0.25, 1.25, 0],
			"scale": [0.79258, 0.79258, 0.79258]
		},
		"head": {
			"translation": [0, -30.5, 0],
			"scale": [1.6, 1.6, 1.6]
		},
		"fixed": {
			"translation": [0, -3.25, -7.5]
		}
	}
}