{
	"credit": "Made with Blockbench",
	"parent": "block/block",
	"ambientocclusion": false,
	"texture_size": [128, 128],
	"textures": {
		"0": "custom_blocks/sea_props",
		"particle": "block/granite"
	},
	"elements": [
		{
			"from": [10, 0, 3],
			"to": [12, 1, 5],
			"faces": {
				"north": {"uv": [13.5, 6.5, 14.5, 7], "texture": "#0"},
				"east": {"uv": [13.5, 6.5, 14.5, 7], "texture": "#0"},
				"south": {"uv": [13.5, 6.5, 14.5, 7], "texture": "#0"},
				"west": {"uv": [13.5, 6.5, 14.5, 7], "texture": "#0"},
				"up": {"uv": [13.5, 5.5, 14.5, 6.5], "texture": "#0"},
				"down": {"uv": [13.5, 6.5, 14.5, 5.5], "texture": "#0"}
			}
		},
		{
			"from": [2, 0, 5],
			"to": [4, 1, 7],
			"faces": {
				"north": {"uv": [13.5, 6.5, 14.5, 7], "texture": "#0"},
				"east": {"uv": [13.5, 6.5, 14.5, 7], "texture": "#0"},
				"south": {"uv": [13.5, 6.5, 14.5, 7], "texture": "#0"},
				"west": {"uv": [13.5, 6.5, 14.5, 7], "texture": "#0"},
				"up": {"uv": [13.5, 5.5, 14.5, 6.5], "texture": "#0"},
				"down": {"uv": [13.5, 6.5, 14.5, 5.5], "texture": "#0"}
			}
		},
		{
			"from": [1, 0, 11],
			"to": [5, 1, 15],
			"rotation": {"angle": 22.5, "axis": "y", "origin": [0, 0, 0]},
			"faces": {
				"north": {"uv": [11, 5.5, 13, 6], "texture": "#0"},
				"east": {"uv": [11, 5.5, 13, 6], "texture": "#0"},
				"south": {"uv": [11, 5.5, 13, 6], "texture": "#0"},
				"west": {"uv": [11, 5.5, 13, 6], "texture": "#0"},
				"up": {"uv": [11, 5.5, 13, 7.5], "texture": "#0"},
				"down": {"uv": [11, 7.5, 13, 5.5], "texture": "#0"}
			}
		},
		{
			"from": [4, -2, 9],
			"to": [8, -1, 13],
			"rotation": {"angle": 22.5, "axis": "z", "origin": [0, 0, 0]},
			"faces": {
				"north": {"uv": [11, 5.5, 13, 6], "texture": "#0"},
				"east": {"uv": [11, 5.5, 13, 6], "texture": "#0"},
				"south": {"uv": [11, 5.5, 13, 6], "texture": "#0"},
				"west": {"uv": [11, 5.5, 13, 6], "texture": "#0"},
				"up": {"uv": [11, 5.5, 13, 7.5], "texture": "#0"},
				"down": {"uv": [11, 7.5, 13, 5.5], "texture": "#0"}
			}
		}
	],
	"display": {
		"thirdperson_righthand": {
			"rotation": [63, 34, 0],
			"translation": [0, 1, -1],
			"scale": [0.37891, 0.37891, 0.37891]
		},
		"thirdperson_lefthand": {
			"rotation": [63, 34, 0],
			"translation": [0, 1, -1],
			"scale": [0.37891, 0.37891, 0.37891]
		},
		"firstperson_righthand": {
			"rotation": [3, 112, -13],
			"translation": [9.5, 0, -5.75],
			"scale": [0.35547, 0.35547, 0.35547]
		},
		"firstperson_lefthand": {
			"rotation": [3, 112, -13],
			"translation": [9.5, 0, -5.75],
			"scale": [0.35547, 0.35547, 0.35547]
		},
		"ground": {
			"translation": [0, 4.25, 0],
			"scale": [0.28906, 0.28906, 0.28906]
		},
		"gui": {
			"rotation": [-155.47, -35.06, -179.51],
			"translation": [-0.25, 1.25, 0],
			"scale": [0.79258, 0.79258, 0.79258]
		},
		"head": {
			"translation": [0, -30.5, 0],
			"scale": [1.6, 1.6, 1.6]
		},
		"fixed": {
			"translation": [0, -3.25, -7.5]
		}
	}
}