{
	"credit": "Made with Blockbench",
	"texture_size": [64, 64],
	"textures": {
		"0": "decorations:wardrobe/wardrobe",
		"particle": "decorations:wardrobe/wardrobe"
	},
	"elements": [
		{
			"name": "head",
			"from": [4, 12.5, 4],
			"to": [12, 20.5, 12],
			"rotation": {"angle": 0, "axis": "y", "origin": [0, -11, 0]},
			"faces": {
				"north": {"uv": [4, 0, 6, 2], "texture": "#0"},
				"east": {"uv": [0, 5, 2, 7], "texture": "#0"},
				"south": {"uv": [2, 5, 4, 7], "texture": "#0"},
				"west": {"uv": [5, 2, 7, 4], "texture": "#0"},
				"up": {"uv": [6, 7, 4, 5], "texture": "#0"},
				"down": {"uv": [8, 0, 6, 2], "texture": "#0"}
			}
		},
		{
			"name": "body",
			"from": [4, 0.5, 6],
			"to": [12, 12.5, 10],
			"rotation": {"angle": 0, "axis": "y", "origin": [0, -11, 0]},
			"faces": {
				"north": {"uv": [0, 0, 2, 3], "texture": "#0"},
				"east": {"uv": [6, 4, 7, 7], "texture": "#0"},
				"south": {"uv": [2, 0, 4, 3], "texture": "#0"},
				"west": {"uv": [0, 7, 1, 10], "texture": "#0"},
				"up": {"uv": [10, 1, 8, 0], "texture": "#0"},
				"down": {"uv": [10, 1, 8, 2], "texture": "#0"}
			}
		},
		{
			"name": "body",
			"from": [3, 0, 4],
			"to": [13, 1, 12],
			"rotation": {"angle": 0, "axis": "y", "origin": [-1, 0, 0]},
			"faces": {
				"north": {"uv": [8.5, 3, 11, 3.25], "texture": "#0"},
				"east": {"uv": [8.5, 3.5, 10.5, 3.75], "texture": "#0"},
				"south": {"uv": [8.5, 3.25, 11, 3.5], "texture": "#0"},
				"west": {"uv": [8.5, 3.75, 10.5, 4], "texture": "#0"},
				"up": {"uv": [2.5, 5, 0, 3], "texture": "#0"},
				"down": {"uv": [5, 3, 2.5, 5], "texture": "#0"}
			}
		},
		{
			"name": "right_arm",
			"from": [12, 0.5, 6],
			"to": [16, 12.5, 10],
			"rotation": {"angle": 22.5, "axis": "z", "origin": [13, 10.5, 8]},
			"faces": {
				"north": {"uv": [1, 7, 2, 10], "texture": "#0"},
				"east": {"uv": [2, 7, 3, 10], "texture": "#0"},
				"south": {"uv": [7, 2, 8, 5], "texture": "#0"},
				"west": {"uv": [3, 7, 4, 10], "texture": "#0"},
				"up": {"uv": [5, 3, 4, 2], "texture": "#0"},
				"down": {"uv": [6, 4, 5, 5], "texture": "#0"}
			}
		},
		{
			"name": "right_arm",
			"from": [0, 0.5, 6],
			"to": [4, 12.5, 10],
			"rotation": {"angle": -22.5, "axis": "z", "origin": [3, 10.5, 8]},
			"faces": {
				"north": {"uv": [4, 7, 5, 10], "texture": "#0"},
				"east": {"uv": [5, 7, 6, 10], "texture": "#0"},
				"south": {"uv": [7, 5, 8, 8], "texture": "#0"},
				"west": {"uv": [6, 7, 7, 10], "texture": "#0"},
				"up": {"uv": [9, 8.5, 8, 7.5], "texture": "#0"},
				"down": {"uv": [9.5, 2, 8.5, 3], "texture": "#0"}
			}
		}
	],
	"display": {
		"thirdperson_righthand": {
			"rotation": [75, 45, 0],
			"translation": [0, 1, 0],
			"scale": [0.375, 0.375, 0.375]
		},
		"thirdperson_lefthand": {
			"rotation": [75, 45, 0],
			"translation": [0, 1, 0],
			"scale": [0.375, 0.375, 0.375]
		},
		"firstperson_righthand": {
			"rotation": [0, 45, 0],
			"scale": [0.4, 0.4, 0.4]
		},
		"firstperson_lefthand": {
			"rotation": [0, 45, 0],
			"scale": [0.4, 0.4, 0.4]
		},
		"ground": {
			"translation": [0, -0.5, 0],
			"scale": [0.25, 0.25, 0.25]
		},
		"gui": {
			"rotation": [30, 225, 0],
			"translation": [0, -2.5, 0],
			"scale": [0.425, 0.425, 0.425]
		},
		"head": {
			"translation": [0, -30.5, 0],
			"scale": [1.6, 1.6, 1.6]
		},
		"fixed": {
			"rotation": [-90, 0, 0],
			"translation": [0, -1, -15.5],
			"scale": [2, 2, 2]
		}
	}
}