{"textures":{"0":"modelengine:entity/windmill_02"},"elements":[{"from":[-16.0,10.441411,4.7865305],"to":[18.0,11.241411,4.7865305],"rotation":{"angle":0.0,"axis":"y","origin":[14.153961,10.8,8.0]},"faces":{"east":{"uv":[0.125,0.0,0.0,0.0],"rotation":90,"texture":"#0","tintindex":0},"south":{"uv":[1.0,12.0,1.125,6.3125],"rotation":90,"texture":"#0","tintindex":0},"north":{"uv":[0.875,11.6875,1.0,6.3125],"rotation":270,"texture":"#0","tintindex":0},"west":{"uv":[0.125,0.0,0.0,0.0],"rotation":90,"texture":"#0","tintindex":0},"up":{"uv":[0.0,5.6875,0.0,0.0],"rotation":90,"texture":"#0","tintindex":0},"down":{"uv":[0.0,5.6875,0.0,0.0],"rotation":90,"texture":"#0","tintindex":0}}}],"display":{"head":{"translation":[-32.615845,-6.4,0.0],"scale":[4.0,4.0,4.0]}}}