{"textures":{"0":"modelengine:entity/windmill_02"},"elements":[{"from":[6.8,-4.3999996,4.8],"to":[7.6,32.0,4.8],"rotation":{"angle":0.0,"axis":"y","origin":[8.0,-2.0,8.0]},"faces":{"east":{"uv":[0.0,0.0,0.0,5.6875],"rotation":0,"texture":"#0","tintindex":0},"south":{"uv":[0.875,12.0,0.75,6.3125],"rotation":0,"texture":"#0","tintindex":0},"north":{"uv":[0.625,6.3125,0.75,12.0],"rotation":0,"texture":"#0","tintindex":0},"west":{"uv":[0.0,0.0,0.0,5.6875],"rotation":0,"texture":"#0","tintindex":0},"up":{"uv":[0.125,0.0,0.0,0.0],"rotation":0,"texture":"#0","tintindex":0},"down":{"uv":[0.125,0.0,0.0,0.0],"rotation":0,"texture":"#0","tintindex":0}}}],"display":{"head":{"translation":[0.0,33.6,0.0],"scale":[4.0,4.0,4.0]}}}