{"textures":{"0":"modelengine:entity/windmill_02"},"elements":[{"from":[6.8,-4.4000025,7.6],"to":[7.6,32.0,8.4],"rotation":{"angle":0.0,"axis":"y","origin":[8.0,-3.6000023,8.0]},"faces":{"east":{"uv":[6.125,5.3125,6.25,11.0],"rotation":0,"texture":"#0","tintindex":0},"south":{"uv":[6.25,5.3125,6.375,11.0],"rotation":0,"texture":"#0","tintindex":0},"north":{"uv":[6.0,5.3125,6.125,11.0],"rotation":0,"texture":"#0","tintindex":0},"west":{"uv":[0.125,6.3125,0.0,12.0],"rotation":0,"texture":"#0","tintindex":0},"up":{"uv":[6.0,6.4375,5.875,6.3125],"rotation":0,"texture":"#0","tintindex":0},"down":{"uv":[6.0,6.4375,5.875,6.5625],"rotation":0,"texture":"#0","tintindex":0}}}],"display":{"head":{"translation":[0.0,40.000008,0.0],"scale":[4.0,4.0,4.0]}}}