{"textures":{"0":"modelengine:entity/windmill_02"},"elements":[{"from":[8.4,-4.4000025,7.6],"to":[9.2,32.0,8.4],"rotation":{"angle":0.0,"axis":"y","origin":[8.0,-3.6000023,8.0]},"faces":{"east":{"uv":[0.25,6.3125,0.375,12.0],"rotation":0,"texture":"#0","tintindex":0},"south":{"uv":[0.375,6.3125,0.5,12.0],"rotation":0,"texture":"#0","tintindex":0},"north":{"uv":[0.125,6.3125,0.25,12.0],"rotation":0,"texture":"#0","tintindex":0},"west":{"uv":[0.5,6.3125,0.625,12.0],"rotation":0,"texture":"#0","tintindex":0},"up":{"uv":[6.625,3.5,6.5,3.375],"rotation":0,"texture":"#0","tintindex":0},"down":{"uv":[6.625,3.5,6.5,3.625],"rotation":0,"texture":"#0","tintindex":0}}}],"display":{"head":{"translation":[0.0,40.000008,0.0],"scale":[4.0,4.0,4.0]}}}