{"textures":{"0":"modelengine:entity/windmill_02"},"elements":[{"from":[-4.4000015,10.4,7.6],"to":[32.0,11.2,8.4],"rotation":{"angle":0.0,"axis":"y","origin":[-3.6000013,10.8,8.0]},"faces":{"east":{"uv":[6.0,6.4375,5.875,6.3125],"rotation":90,"texture":"#0","tintindex":0},"south":{"uv":[6.25,5.3125,6.375,11.0],"rotation":90,"texture":"#0","tintindex":0},"north":{"uv":[6.0,5.3125,6.125,11.0],"rotation":270,"texture":"#0","tintindex":0},"west":{"uv":[6.0,6.4375,5.875,6.5625],"rotation":90,"texture":"#0","tintindex":0},"up":{"uv":[0.125,6.3125,0.0,12.0],"rotation":90,"texture":"#0","tintindex":0},"down":{"uv":[6.125,5.3125,6.25,11.0],"rotation":90,"texture":"#0","tintindex":0}}}],"display":{"head":{"translation":[57.600006,-6.4,0.0],"scale":[4.0,4.0,4.0]}}}