{"textures":{"0":"modelengine:entity/windmill_02"},"elements":[{"from":[-2.4000015,10.4,4.8],"to":[32.0,11.2,4.8],"rotation":{"angle":0.0,"axis":"y","origin":[-2.000002,10.8,8.0]},"faces":{"east":{"uv":[0.125,0.0,0.0,0.0],"rotation":90,"texture":"#0","tintindex":0},"south":{"uv":[0.875,12.0,0.75,6.3125],"rotation":90,"texture":"#0","tintindex":0},"north":{"uv":[0.625,6.3125,0.75,11.6875],"rotation":270,"texture":"#0","tintindex":0},"west":{"uv":[0.125,0.0,0.0,0.0],"rotation":90,"texture":"#0","tintindex":0},"up":{"uv":[0.0,0.0,0.0,5.6875],"rotation":90,"texture":"#0","tintindex":0},"down":{"uv":[0.0,0.0,0.0,5.6875],"rotation":90,"texture":"#0","tintindex":0}}}],"display":{"head":{"translation":[49.600006,-6.4,0.0],"scale":[4.0,4.0,4.0]}}}