{"textures":{"0":"modelengine:entity/windmill_02"},"elements":[{"from":[-2.0,10.4,4.8],"to":[32.0,11.2,4.8],"rotation":{"angle":0.0,"axis":"y","origin":[2.0,10.8,8.0]},"faces":{"east":{"uv":[0.125,0.0,0.0,0.0],"rotation":90,"texture":"#0","tintindex":0},"south":{"uv":[1.0,6.3125,1.125,12.0],"rotation":90,"texture":"#0","tintindex":0},"north":{"uv":[0.875,6.3125,1.0,11.6875],"rotation":270,"texture":"#0","tintindex":0},"west":{"uv":[0.125,0.0,0.0,0.0],"rotation":90,"texture":"#0","tintindex":0},"up":{"uv":[0.0,0.0,0.0,5.6875],"rotation":90,"texture":"#0","tintindex":0},"down":{"uv":[0.0,0.0,0.0,5.6875],"rotation":90,"texture":"#0","tintindex":0}}}],"display":{"head":{"translation":[32.0,-6.4,0.0],"scale":[4.0,4.0,4.0]}}}