{"textures":{"0":"modelengine:entity/windmill_02"},"elements":[{"from":[8.4,-16.0,7.6],"to":[9.2,20.400002,8.4],"rotation":{"angle":0.0,"axis":"y","origin":[8.0,19.600002,8.0]},"faces":{"east":{"uv":[0.25,12.0,0.375,6.3125],"rotation":0,"texture":"#0","tintindex":0},"south":{"uv":[0.375,12.0,0.5,6.3125],"rotation":0,"texture":"#0","tintindex":0},"north":{"uv":[0.125,12.0,0.25,6.3125],"rotation":0,"texture":"#0","tintindex":0},"west":{"uv":[0.5,12.0,0.625,6.3125],"rotation":0,"texture":"#0","tintindex":0},"up":{"uv":[6.625,3.625,6.5,3.5],"rotation":0,"texture":"#0","tintindex":0},"down":{"uv":[6.625,3.375,6.5,3.5],"rotation":0,"texture":"#0","tintindex":0}}}],"display":{"head":{"translation":[0.0,-52.80001,0.0],"scale":[4.0,4.0,4.0]}}}