{"textures":{"0":"modelengine:entity/windmill_02"},"elements":[{"from":[-16.0,10.441411,7.6],"to":[20.400002,11.241411,8.4],"rotation":{"angle":0.0,"axis":"y","origin":[18.55455,10.8,8.0]},"faces":{"east":{"uv":[6.625,3.625,6.5,3.5],"rotation":90,"texture":"#0","tintindex":0},"south":{"uv":[0.375,12.0,0.5,6.3125],"rotation":90,"texture":"#0","tintindex":0},"north":{"uv":[0.125,12.0,0.25,6.3125],"rotation":270,"texture":"#0","tintindex":0},"west":{"uv":[6.625,3.375,6.5,3.5],"rotation":90,"texture":"#0","tintindex":0},"up":{"uv":[0.5,12.0,0.625,6.3125],"rotation":90,"texture":"#0","tintindex":0},"down":{"uv":[0.25,12.0,0.375,6.3125],"rotation":90,"texture":"#0","tintindex":0}}}],"display":{"head":{"translation":[-53.418198,-6.4,0.0],"scale":[4.0,4.0,4.0]}}}