{"textures":{"0":"modelengine:entity/windmill_02"},"elements":[{"from":[6.8,-16.0,7.6],"to":[7.6,20.400002,8.4],"rotation":{"angle":0.0,"axis":"y","origin":[8.0,19.600002,8.0]},"faces":{"east":{"uv":[6.125,11.0,6.25,5.3125],"rotation":0,"texture":"#0","tintindex":0},"south":{"uv":[6.25,11.0,6.375,5.3125],"rotation":0,"texture":"#0","tintindex":0},"north":{"uv":[6.0,11.0,6.125,5.3125],"rotation":0,"texture":"#0","tintindex":0},"west":{"uv":[0.125,12.0,0.0,6.3125],"rotation":0,"texture":"#0","tintindex":0},"up":{"uv":[6.0,6.5625,5.875,6.4375],"rotation":0,"texture":"#0","tintindex":0},"down":{"uv":[6.0,6.3125,5.875,6.4375],"rotation":0,"texture":"#0","tintindex":0}}}],"display":{"head":{"translation":[0.0,-52.80001,0.0],"scale":[4.0,4.0,4.0]}}}