{"textures":{"0":"modelengine:entity/windmill_02"},"elements":[{"from":[-4.4000006,10.4,7.6],"to":[32.0,11.2,8.4],"rotation":{"angle":0.0,"axis":"y","origin":[-2.4000006,10.8,8.0]},"faces":{"east":{"uv":[6.625,3.5,6.5,3.375],"rotation":90,"texture":"#0","tintindex":0},"south":{"uv":[0.375,6.3125,0.5,12.0],"rotation":90,"texture":"#0","tintindex":0},"north":{"uv":[0.125,6.3125,0.25,12.0],"rotation":270,"texture":"#0","tintindex":0},"west":{"uv":[6.625,3.5,6.5,3.625],"rotation":90,"texture":"#0","tintindex":0},"up":{"uv":[0.5,6.3125,0.625,12.0],"rotation":90,"texture":"#0","tintindex":0},"down":{"uv":[0.25,6.3125,0.375,12.0],"rotation":90,"texture":"#0","tintindex":0}}}],"display":{"head":{"translation":[52.800003,-6.4,0.0],"scale":[4.0,4.0,4.0]}}}