{"textures":{"0":"modelengine:entity/windmill_02"},"elements":[{"from":[6.285714,6.285714,0.0],"to":[9.714286,9.714286,16.0],"rotation":{"angle":0.0,"axis":"y","origin":[8.0,8.0,8.571428]},"faces":{"east":{"uv":[1.125,6.3125,2.9375,6.6875],"rotation":0,"texture":"#0","tintindex":0},"south":{"uv":[6.5,0.0,6.875,0.375],"rotation":0,"texture":"#0","tintindex":0},"north":{"uv":[5.5,6.3125,5.875,6.6875],"rotation":0,"texture":"#0","tintindex":0},"west":{"uv":[2.9375,6.3125,4.75,6.6875],"rotation":0,"texture":"#0","tintindex":0},"up":{"uv":[5.125,8.125,4.75,6.3125],"rotation":0,"texture":"#0","tintindex":0},"down":{"uv":[5.5,6.3125,5.125,8.125],"rotation":0,"texture":"#0","tintindex":0}}},{"from":[5.142857,5.142857,2.8571424],"to":[10.857143,10.857143,4.5714283],"rotation":{"angle":0.0,"axis":"y","origin":[8.0,8.0,8.571428]},"faces":{"east":{"uv":[6.5,0.375,6.6875,1.0],"rotation":0,"texture":"#0","tintindex":0},"south":{"uv":[6.375,5.9375,7.0,6.5625],"rotation":0,"texture":"#0","tintindex":0},"north":{"uv":[6.375,5.3125,7.0,5.9375],"rotation":0,"texture":"#0","tintindex":0},"west":{"uv":[6.5,1.0,6.6875,1.625],"rotation":0,"texture":"#0","tintindex":0},"up":{"uv":[7.125,1.8125,6.5,1.625],"rotation":0,"texture":"#0","tintindex":0},"down":{"uv":[7.125,1.8125,6.5,2.0],"rotation":0,"texture":"#0","tintindex":0}}},{"from":[6.857143,6.857143,-1.7142859],"to":[9.142858,9.142858,0.0],"rotation":{"angle":0.0,"axis":"y","origin":[8.0,8.0,8.571428]},"faces":{"east":{"uv":[6.5,2.5,6.6875,2.75],"rotation":0,"texture":"#0","tintindex":0},"south":{"uv":[6.5,2.25,6.75,2.5],"rotation":0,"texture":"#0","tintindex":0},"north":{"uv":[6.5,2.0,6.75,2.25],"rotation":0,"texture":"#0","tintindex":0},"west":{"uv":[6.5,2.75,6.6875,3.0],"rotation":0,"texture":"#0","tintindex":0},"up":{"uv":[6.75,3.1875,6.5,3.0],"rotation":0,"texture":"#0","tintindex":0},"down":{"uv":[6.75,3.1875,6.5,3.375],"rotation":0,"texture":"#0","tintindex":0}}}],"display":{"head":{"translation":[0.0,-6.4,0.0],"scale":[4.0,4.0,4.0]}}}