{"textures":{"0":"modelengine:entity/windmill_02"},"elements":[{"from":[-2.4000006,-16.0,8.0],"to":[18.400002,18.0,8.0],"rotation":{"angle":0.0,"axis":"y","origin":[8.0,17.2,8.0]},"faces":{"east":{"uv":[0.0,5.3125,0.0,0.0],"rotation":0,"texture":"#0","tintindex":0},"south":{"uv":[0.0,5.3125,3.25,0.0],"rotation":0,"texture":"#0","tintindex":0},"north":{"uv":[0.0,5.3125,3.25,0.0],"rotation":0,"texture":"#0","tintindex":0},"west":{"uv":[0.0,5.3125,0.0,0.0],"rotation":0,"texture":"#0","tintindex":0},"up":{"uv":[3.25,0.0,0.0,0.0],"rotation":0,"texture":"#0","tintindex":0},"down":{"uv":[3.25,0.0,0.0,0.0],"rotation":0,"texture":"#0","tintindex":0}}}],"display":{"head":{"translation":[0.0,-54.4,0.0],"scale":[4.0,4.0,4.0]}}}