{"textures":{"0":"modelengine:entity/windmill_02"},"elements":[{"from":[-2.000001,-2.2400007,8.0],"to":[32.0,18.560001,8.0],"rotation":{"angle":0.0,"axis":"y","origin":[-0.7600012,8.0,8.0]},"faces":{"east":{"uv":[3.25,0.0,0.0,0.0],"rotation":90,"texture":"#0","tintindex":0},"south":{"uv":[15.8125,0.0,10.5,3.25],"rotation":180,"texture":"#0","tintindex":0},"north":{"uv":[10.5,0.0,15.8125,3.25],"rotation":180,"texture":"#0","tintindex":0},"west":{"uv":[3.25,0.0,0.0,0.0],"rotation":90,"texture":"#0","tintindex":0},"up":{"uv":[0.0,0.0,0.0,5.3125],"rotation":90,"texture":"#0","tintindex":0},"down":{"uv":[0.0,0.0,0.0,5.3125],"rotation":90,"texture":"#0","tintindex":0}}}],"display":{"head":{"translation":[46.240005,-6.4,0.0],"scale":[4.0,4.0,4.0]}}}