{
    "variants": {
        "": [
            {
                "model": "block/red_stones_1"
            },
            {
                "model": "block/red_stones_2"
            },
            {
                "model": "block/red_stones_3"
            },
            {
                "model": "block/red_stones_1",
                "y": 90
            },
            {
                "model": "block/red_stones_2",
                "y": 90
            },
            {
                "model": "block/red_stones_3",
                "y": 90
            },
            {
                "model": "block/red_stones_1",
                "y": 180
            },
            {
                "model": "block/red_stones_2",
                "y": 180
            },
            {
                "model": "block/red_stones_3",
                "y": 180
            },
            {
                "model": "block/red_stones_1",
                "y": 270
            },
            {
                "model": "block/red_stones_2",
                "y": 270
            },
            {
                "model": "block/red_stones_3",
                "y": 270
            }
        ]
    }
}